fileName,cilium_number_clemens,cilium_number_kai,horizontal_length_in_pixels,horizontal_length_in_um,horizontal_scaling_in_um,researcher,vertical_scaling_in_um,z_lower,z_upper,zstack_layers,comments,vertical_length_in_layers,vertical_length_in_um,total_length_in_um
190815_EV38_2_Collagen_ITSwithAsc+Dexa_63x_zstack_10.czi,1,1,13.691329373001022,3.00726000580979,0.219647042583026,clemens,0.281399093816734,3,13,11,NA,11,3.095390031984074,4.315675172281791
190815_EV38_2_Collagen_ITSwithAsc+Dexa_63x_zstack_10.czi,2,2,10.081914500728498,2.21446270365994,0.219647042583026,clemens,0.281399093816734,6,12,7,NA,7,1.9697936567171381,2.9637699161615036
190815_EV38_2_Collagen_ITSwithAsc+Dexa_63x_zstack_10.czi,3,3,8.21720755488141,1.8048853377206,0.219647042583026,clemens,0.281399093816734,5,16,12,NA,12,3.376789125800808,3.828879194026026
190815_EV38_2_Collagen_ITSwithAsc+Dexa_63x_zstack_10.czi,4,5,14.971489832762154,3.28844346482805,0.219647042583026,clemens,0.281399093816734,3,14,12,NA,12,3.376789125800808,4.713445154183604
190815_EV38_2_Collagen_ITSwithAsc+Dexa_63x_zstack_10.czi,5,6,13.090550026641374,2.87530059913693,0.219647042583026,clemens,0.281399093816734,3,13,11,NA,11,3.095390031984074,4.224783187987705
190815_EV38_2_Collagen_ITSwithAsc+Dexa_63x_zstack_10.czi,6,29,9.139064503547369,2.00736849017969,0.219647042583026,clemens,0.281399093816734,6,13,8,NA,8,2.251192750533872,3.016189161081007
190815_EV38_2_Collagen_ITSwithAsc+Dexa_63x_zstack_10.czi,7,7,11.09617051058609,2.43724103664722,0.219647042583026,clemens,0.281399093816734,6,18,13,NA,13,3.658188219617542,4.395734855614676
190815_EV38_2_Collagen_ITSwithAsc+Dexa_63x_zstack_10.czi,8,9,16.40305260881935,3.60288199486096,0.219647042583026,clemens,0.281399093816734,4,12,9,NA,9,2.532591844350606,4.40395051277424
190815_EV38_2_Collagen_ITSwithAsc+Dexa_63x_zstack_10.czi,9,11,15.670100924636099,3.4418913250738603,0.219647042583026,clemens,0.281399093816734,4,18,15,NA,15,4.22098640725101,5.4464063513308005
190815_EV38_2_Collagen_ITSwithAsc+Dexa_63x_zstack_10.czi,10,16,8.25302974670503,1.8127535762135,0.219647042583026,clemens,0.281399093816734,8,18,11,NA,11,3.095390031984074,3.587131859603324
190815_EV38_2_Collagen_ITSwithAsc+Dexa_63x_zstack_10.czi,11,8,8.700080818590157,1.91094702203664,0.219647042583026,clemens,0.281399093816734,3,17,15,NA,15,4.22098640725101,4.633405310484772
190815_EV38_2_Collagen_ITSwithAsc+Dexa_63x_zstack_10.czi,12,10,17.568573794029216,3.85888527626017,0.219647042583026,clemens,0.281399093816734,3,14,12,NA,12,3.376789125800808,5.127738329464962
190815_EV38_2_Collagen_ITSwithAsc+Dexa_63x_zstack_10.czi,13,12,15.004068458671428,3.2955992636604403,0.219647042583026,clemens,0.281399093816734,3,13,11,NA,11,3.095390031984074,4.5213287821994985
190815_EV38_2_Collagen_ITSwithAsc+Dexa_63x_zstack_10.czi,14,13,15.991330659141536,3.51244848624771,0.219647042583026,clemens,0.281399093816734,5,14,10,NA,10,2.81399093816734,4.5006487719696295
190815_EV38_2_Collagen_ITSwithAsc+Dexa_63x_zstack_10.czi,15,15,15.09113978465507,3.31472422290653,0.219647042583026,clemens,0.281399093816734,5,15,11,NA,11,3.095390031984074,4.535287876643517
190815_EV38_2_Collagen_ITSwithAsc+Dexa_63x_zstack_10.czi,16,22,14.834108711007902,3.25826810772799,0.219647042583026,clemens,0.281399093816734,6,16,11,NA,11,3.095390031984074,4.494190751619662
190815_EV38_2_Collagen_ITSwithAsc+Dexa_63x_zstack_10.czi,17,17,14.182559712548366,3.11515729711842,0.219647042583026,clemens,0.281399093816734,5,13,9,NA,9,2.532591844350606,4.014751105094978
190815_EV38_2_Collagen_ITSwithAsc+Dexa_63x_zstack_10.czi,18,19,11.663297132457876,2.56180872191146,0.219647042583026,clemens,0.281399093816734,3,13,11,NA,11,3.095390031984074,4.01799743376822
190815_EV38_2_Collagen_ITSwithAsc+Dexa_63x_zstack_10.czi,19,23,11.305419054595038,2.48320186050359,0.219647042583026,clemens,0.281399093816734,8,17,10,NA,10,2.81399093816734,3.7529770156632183
190815_EV38_2_Collagen_ITSwithAsc+Dexa_63x_zstack_10.czi,20,24,12.08111622080613,2.6535814490018903,0.219647042583026,clemens,0.281399093816734,1,13,13,NA,13,3.658188219617542,4.51927378642139
190815_EV38_2_Collagen_ITSwithAsc+Dexa_63x_zstack_10.czi,21,18,16.078003522378808,3.53148592432998,0.219647042583026,clemens,0.281399093816734,5,15,11,NA,11,3.095390031984074,4.696044323028387
190815_EV38_2_Collagen_ITSwithAsc+Dexa_63x_zstack_10.czi,22,20,14.314683239597041,3.1441778390903,0.219647042583026,clemens,0.281399093816734,7,15,9,NA,9,2.532591844350606,4.037310457953135
190815_EV38_2_Collagen_ITSwithAsc+Dexa_63x_zstack_10.czi,23,21,15.50314988155634,3.40522102220524,0.219647042583026,clemens,0.281399093816734,6,15,10,NA,10,2.81399093816734,4.417473849402666
190815_EV38_2_Collagen_ITSwithAsc+Dexa_63x_zstack_10.czi,24,27,8.223442101699277,1.80625473749099,0.219647042583026,clemens,0.281399093816734,6,18,13,NA,13,3.658188219617542,4.079815832468079
190815_EV38_2_Collagen_ITSwithAsc+Dexa_63x_zstack_10.czi,25,28,10.357726584535913,2.2750440121769002,0.219647042583026,clemens,0.281399093816734,8,16,9,NA,9,2.532591844350606,3.4043863922024435
190815_EV38_2_Collagen_ITSwithAsc+Dexa_63x_zstack_10.czi,26,25,15.654971255163657,3.43856813791898,0.219647042583026,clemens,0.281399093816734,4,13,10,NA,10,2.81399093816734,4.443230338301122
190815_EV38_2_Collagen_ITSwithAsc+Dexa_63x_zstack_10.czi,27,26,13.43316790634282,2.95055560314942,0.219647042583026,clemens,0.281399093816734,5,14,10,NA,10,2.81399093816734,4.077293632713291
190815_EV38_2_Collagen_ITSwithAsc+Dexa_63x_zstack_10.czi,28,4,9.307120929696818,2.04428158717049,0.219647042583026,clemens,0.281399093816734,6,17,12,NA,12,3.376789125800808,3.947377864832664
190815_EV38_2_Collagen_ITSwithAsc+Dexa_63x_zstack_10.czi,29,NA,10.944404963267782,2.4039061830127597,0.219647042583026,clemens,0.281399093816734,3,12,10,at border,10,2.81399093816734,3.7009876974687286
190815_EV38_2_Collagen_ITSwithAsc+Dexa_63x_zstack_10.czi,30,14,6.319921380048913,1.38815204048498,0.219647042583026,clemens,0.281399093816734,9,19,11,NA,11,3.095390031984074,3.392404094091531
190815_EV38_2_Collagen_ITSwithAsc+Dexa_63x_zstack_11.czi,1,3,5.393885100056547,1.18475091026007,0.219647042583026,clemens,0.281399093816734,8,19,12,NA,12,3.376789125800808,3.578594629109121
190815_EV38_2_Collagen_ITSwithAsc+Dexa_63x_zstack_11.czi,2,2,13.238202294873716,2.90773198318484,0.219647042583026,clemens,0.281399093816734,5,14,10,NA,10,2.81399093816734,4.0464120262429955
190815_EV38_2_Collagen_ITSwithAsc+Dexa_63x_zstack_11.czi,3,1,10.998295322457919,2.41574304103261,0.219647042583026,clemens,0.281399093816734,7,14,8,NA,8,2.251192750533872,3.3020725673966864
190815_EV38_2_Collagen_ITSwithAsc+Dexa_63x_zstack_11.czi,4,4,9.569352120180334,2.10187989263322,0.219647042583026,clemens,0.281399093816734,8,18,11,NA,11,3.095390031984074,3.7415689935055596
190815_EV38_2_Collagen_ITSwithAsc+Dexa_63x_zstack_11.czi,5,5,4.319740298906871,0.948818181381611,0.219647042583026,clemens,0.281399093816734,10,20,11,NA,11,3.095390031984074,3.23754465473863
190815_EV38_2_Collagen_ITSwithAsc+Dexa_63x_zstack_11.czi,6,6,6.3253458403474365,1.3893435071471598,0.219647042583026,clemens,0.281399093816734,10,23,14,NA,14,3.9395873134342763,4.177394353065589
190815_EV38_2_Collagen_ITSwithAsc+Dexa_63x_zstack_11.czi,7,7,11.510864433221396,2.5283273303312197,0.219647042583026,clemens,0.281399093816734,5,16,12,NA,12,3.376789125800808,4.218429078392379
190815_EV38_2_Collagen_ITSwithAsc+Dexa_63x_zstack_11.czi,8,8,8.044874144447522,1.76703281378055,0.219647042583026,clemens,0.281399093816734,9,17,9,NA,9,2.532591844350606,3.088110492687788
190815_EV38_2_Collagen_ITSwithAsc+Dexa_63x_zstack_11.czi,9,18,8.707611612836178,1.91260113872108,0.219647042583026,clemens,0.281399093816734,9,18,10,NA,10,2.81399093816734,3.40243855432028
190815_EV38_2_Collagen_ITSwithAsc+Dexa_63x_zstack_11.czi,10,11,10.65162106207316,2.33959706499944,0.219647042583026,clemens,0.281399093816734,9,17,9,NA,9,2.532591844350606,3.447859608021359
190815_EV38_2_Collagen_ITSwithAsc+Dexa_63x_zstack_11.czi,11,9,12.5530125866264,2.7572320901599903,0.219647042583026,clemens,0.281399093816734,6,17,12,NA,12,3.376789125800808,4.359476298723806
190815_EV38_2_Collagen_ITSwithAsc+Dexa_63x_zstack_11.czi,12,12,11.600969787048,2.54811870482013,0.219647042583026,clemens,0.281399093816734,12,21,10,NA,10,2.81399093816734,3.796242080524123
190815_EV38_2_Collagen_ITSwithAsc+Dexa_63x_zstack_11.czi,13,10,9.382030697029336,2.0607352960256597,0.219647042583026,clemens,0.281399093816734,10,22,13,NA,13,3.658188219617542,4.198686819760974
190815_EV38_2_Collagen_ITSwithAsc+Dexa_63x_zstack_11.czi,14,13,12.033287165193059,2.64307593838694,0.219647042583026,clemens,0.281399093816734,6,15,10,NA,10,2.81399093816734,3.860621117924927
190815_EV38_2_Collagen_ITSwithAsc+Dexa_63x_zstack_11.czi,15,16,12.17795138765141,2.67485100701749,0.219647042583026,clemens,0.281399093816734,8,18,11,NA,11,3.095390031984074,4.090998332907121
190815_EV38_2_Collagen_ITSwithAsc+Dexa_63x_zstack_11.czi,16,15,14.042791745233552,3.08445767644988,0.219647042583026,clemens,0.281399093816734,9,18,10,NA,10,2.81399093816734,4.1752154624520275
190815_EV38_2_Collagen_ITSwithAsc+Dexa_63x_zstack_11.czi,17,14,5.626084964809023,1.23575292384113,0.219647042583026,clemens,0.281399093816734,13,25,13,NA,13,3.658188219617542,3.8612726320386215
190815_EV38_2_Collagen_ITSwithAsc+Dexa_63x_zstack_11.czi,18,17,8.310385069297311,1.82535150319729,0.219647042583026,clemens,0.281399093816734,11,17,7,NA,7,1.9697936567171381,2.6855158089774265
190815_EV38_2_Collagen_ITSwithAsc+Dexa_63x_zstack_12.czi,1,2,11.097365532261378,2.43750351962402,0.219647042583026,clemens,0.281399093816734,8,15,8,NA,8,2.251192750533872,3.3180253477385833
190815_EV38_2_Collagen_ITSwithAsc+Dexa_63x_zstack_12.czi,2,1,7.881148393476684,1.73107093678512,0.219647042583026,clemens,0.281399093816734,7,17,11,NA,11,3.095390031984074,3.546554107621718
190815_EV38_2_Collagen_ITSwithAsc+Dexa_63x_zstack_12.czi,3,3,12.701574705523745,2.78986332021566,0.219647042583026,clemens,0.281399093816734,4,14,11,NA,11,3.095390031984074,4.167106525587163
190815_EV38_2_Collagen_ITSwithAsc+Dexa_63x_zstack_12.czi,4,NA,8.736149752608403,1.91886945672287,0.219647042583026,clemens,0.281399093816734,8,13,6,NA,6,1.688394562900404,2.5559217890959745
190815_EV38_2_Collagen_ITSwithAsc+Dexa_63x_zstack_12.czi,5,5,17.096349208237385,3.755162542556,0.219647042583026,clemens,0.281399093816734,5,16,12,NA,12,3.376789125800808,5.050143613912601
190815_EV38_2_Collagen_ITSwithAsc+Dexa_63x_zstack_12.czi,6,4,11.634968843963446,2.5555864971222197,0.219647042583026,clemens,0.281399093816734,10,20,11,NA,11,3.095390031984074,4.014033108281468
190815_EV38_2_Collagen_ITSwithAsc+Dexa_63x_zstack_12.czi,7,6,12.954149914216709,2.84534071783486,0.219647042583026,clemens,0.281399093816734,7,15,9,NA,9,2.532591844350606,3.809197454929345
190815_EV38_2_Collagen_ITSwithAsc+Dexa_63x_zstack_12.czi,8,9,10.024403359787891,2.20183055163676,0.219647042583026,clemens,0.281399093816734,6,16,11,NA,11,3.095390031984074,3.798617804968987
190815_EV38_2_Collagen_ITSwithAsc+Dexa_63x_zstack_12.czi,9,7,12.270550364592482,2.69519009844881,0.219647042583026,clemens,0.281399093816734,9,17,9,NA,9,2.532591844350606,3.698387637450638
190815_EV38_2_Collagen_ITSwithAsc+Dexa_63x_zstack_12.czi,10,8,12.314422438750446,2.70482646978959,0.219647042583026,clemens,0.281399093816734,7,18,12,NA,12,3.376789125800808,4.326521816864096
190815_EV38_2_Collagen_ITSwithAsc+Dexa_63x_zstack_12.czi,11,NA,8.454880247525686,1.85708944176266,0.219647042583026,clemens,0.281399093816734,9,15,7,NA,7,1.9697936567171381,2.7071882543978028
190815_EV38_2_Collagen_ITSwithAsc+Dexa_63x_zstack_12.czi,12,10,10.4949764768674,2.30519054512235,0.219647042583026,clemens,0.281399093816734,8,16,9,NA,9,2.532591844350606,3.4246058020438905
190815_EV38_2_Collagen_ITSwithAsc+Dexa_63x_zstack_12.czi,13,11,7.907117047318831,1.73677487480141,0.219647042583026,clemens,0.281399093816734,9,16,8,NA,8,2.251192750533872,2.843282568757054
190815_EV38_2_Collagen_ITSwithAsc+Dexa_63x_zstack_12.czi,14,12,7.354250471666042,1.61533936651627,0.219647042583026,clemens,0.281399093816734,10,22,13,NA,13,3.658188219617542,3.9989576540850926
190815_EV38_2_Collagen_ITSwithAsc+Dexa_63x_zstack_12.czi,15,13,7.522300180131101,1.65225098798756,0.219647042583026,clemens,0.281399093816734,8,16,9,NA,9,2.532591844350606,3.023897282874713
190815_EV38_2_Collagen_ITSwithAsc+Dexa_63x_zstack_12.czi,16,14,13.519806072943524,2.96958542021808,0.219647042583026,clemens,0.281399093816734,10,17,8,NA,8,2.251192750533872,3.726433464859939
190815_EV38_2_Collagen_ITSwithAsc+Dexa_63x_zstack_12.czi,17,15,17.058135888777656,3.7467690999493897,0.219647042583026,clemens,0.281399093816734,9,19,11,NA,11,3.095390031984074,4.860012154145494
190815_EV38_2_Collagen_ITSwithAsc+Dexa_63x_zstack_12.czi,18,16,12.814054783713104,2.81456923673946,0.219647042583026,clemens,0.281399093816734,7,15,9,NA,9,2.532591844350606,3.7862674811047556
190815_EV38_2_Collagen_ITSwithAsc+Dexa_63x_zstack_12.czi,19,17,14.379696286194754,3.1584577625048,0.219647042583026,clemens,0.281399093816734,10,19,10,NA,10,2.81399093816734,4.230177352974073
190815_EV38_2_Collagen_ITSwithAsc+Dexa_63x_zstack_6.czi,1,2,10.48599128478823,2.30321697425512,0.219647042583026,clemens,0.281399093816734,5,14,10,NA,10,2.81399093816734,3.636392914769362
190815_EV38_2_Collagen_ITSwithAsc+Dexa_63x_zstack_6.czi,2,4,19.0261742071344,4.1790428962665205,0.219647042583026,clemens,0.281399093816734,6,18,13,NA,13,3.658188219617542,5.553984207664281
190815_EV38_2_Collagen_ITSwithAsc+Dexa_63x_zstack_6.czi,3,3,10.508925355020548,2.30825437495604,0.219647042583026,clemens,0.281399093816734,6,16,11,NA,11,3.095390031984074,3.86127928407284
190815_EV38_2_Collagen_ITSwithAsc+Dexa_63x_zstack_6.czi,4,5,7.882016395467686,1.7312615908554,0.219647042583026,clemens,0.281399093816734,6,21,16,NA,16,4.502385501067744,4.823768433102506
190815_EV38_2_Collagen_ITSwithAsc+Dexa_63x_zstack_6.czi,5,6,14.675992759810052,3.22353840666218,0.219647042583026,clemens,0.281399093816734,12,23,12,NA,12,3.376789125800808,4.66839422707131
190815_EV38_2_Collagen_ITSwithAsc+Dexa_63x_zstack_6.czi,6,7,11.913050786522001,2.6166663734009497,0.219647042583026,clemens,0.281399093816734,6,17,12,NA,12,3.376789125800808,4.271960640012249
190815_EV38_2_Collagen_ITSwithAsc+Dexa_63x_zstack_6.czi,7,8,5.29247631993541,1.16247677161451,0.219647042583026,clemens,0.281399093816734,9,23,15,NA,15,4.22098640725101,4.378136418014071
190815_EV38_2_Collagen_ITSwithAsc+Dexa_63x_zstack_6.czi,8,9,10.546049190692125,2.31640851567064,0.219647042583026,clemens,0.281399093816734,5,17,13,NA,13,3.658188219617542,4.329906403332527
190815_EV38_2_Collagen_ITSwithAsc+Dexa_63x_zstack_6.czi,9,10,11.647177259092262,2.55826803939989,0.219647042583026,clemens,0.281399093816734,6,16,11,NA,11,3.095390031984074,4.015740879529122
190815_EV38_2_Collagen_ITSwithAsc+Dexa_63x_zstack_6.czi,10,11,13.793435941765871,3.0296874116672896,0.219647042583026,clemens,0.281399093816734,9,19,11,NA,11,3.095390031984074,4.331332966018845
190815_EV38_2_Collagen_ITSwithAsc+Dexa_63x_zstack_6.czi,11,12,20.84284585473452,4.5780694510063205,0.219647042583026,clemens,0.281399093816734,5,17,13,NA,13,3.658188219617542,5.860124652973337
190815_EV38_2_Collagen_ITSwithAsc+Dexa_63x_zstack_6.czi,12,13,13.596317787488681,2.98639099204088,0.219647042583026,clemens,0.281399093816734,8,19,12,NA,12,3.376789125800808,4.507908157612519
190815_EV38_2_Collagen_ITSwithAsc+Dexa_63x_zstack_6.czi,13,15,14.459614337801776,3.17601152618928,0.219647042583026,clemens,0.281399093816734,7,17,11,NA,11,3.095390031984074,4.4349169850847865
190815_EV38_2_Collagen_ITSwithAsc+Dexa_63x_zstack_6.czi,14,14,11.895638739167056,2.61284186869412,0.219647042583026,clemens,0.281399093816734,10,20,11,NA,11,3.095390031984074,4.0507261177358505
190815_EV38_2_Collagen_ITSwithAsc+Dexa_63x_zstack_6.czi,15,16,12.590522809603044,2.76547109970344,0.219647042583026,clemens,0.281399093816734,7,17,11,NA,11,3.095390031984074,4.150815564850036
190815_EV38_2_Collagen_ITSwithAsc+Dexa_63x_zstack_6.czi,16,20,13.075509198028525,2.87199692561412,0.219647042583026,clemens,0.281399093816734,7,17,11,NA,11,3.095390031984074,4.222535469459472
190815_EV38_2_Collagen_ITSwithAsc+Dexa_63x_zstack_6.czi,17,17,14.76485140741612,3.24305594581678,0.219647042583026,clemens,0.281399093816734,8,18,11,NA,11,3.095390031984074,4.483174245755337
190815_EV38_2_Collagen_ITSwithAsc+Dexa_63x_zstack_6.czi,18,18,19.624983991628824,4.3105696945005,0.219647042583026,clemens,0.281399093816734,10,19,10,NA,10,2.81399093816734,5.1477719540820805
190815_EV38_2_Collagen_ITSwithAsc+Dexa_63x_zstack_6.czi,19,22,9.174307858972487,2.01510958896952,0.219647042583026,clemens,0.281399093816734,7,19,13,NA,13,3.658188219617542,4.176482695487373
190815_EV38_2_Collagen_ITSwithAsc+Dexa_63x_zstack_6.czi,20,30,6.739367049142022,1.48028204122554,0.219647042583026,clemens,0.281399093816734,9,15,7,NA,7,1.9697936567171381,2.4640052702090403
190815_EV38_2_Collagen_ITSwithAsc+Dexa_63x_zstack_6.czi,21,25,16.124847694817372,3.54177510826836,0.219647042583026,clemens,0.281399093816734,8,19,12,NA,12,3.376789125800808,4.8935545074798075
190815_EV38_2_Collagen_ITSwithAsc+Dexa_63x_zstack_6.czi,22,23,11.241279491739398,2.4691137952097804,0.219647042583026,clemens,0.281399093816734,8,19,12,NA,12,3.376789125800808,4.183207828189012
190815_EV38_2_Collagen_ITSwithAsc+Dexa_63x_zstack_6.czi,23,24,17.067975334225384,3.74893030504264,0.219647042583026,clemens,0.281399093816734,10,22,13,NA,13,3.658188219617542,5.238016750852909
190815_EV38_2_Collagen_ITSwithAsc+Dexa_63x_zstack_6.czi,24,21,14.246016303597626,3.1290953496747904,0.219647042583026,clemens,0.281399093816734,8,19,12,NA,12,3.376789125800808,4.6036879246407425
190815_EV38_2_Collagen_ITSwithAsc+Dexa_63x_zstack_6.czi,25,28,16.74565739946981,3.67813412390211,0.219647042583026,clemens,0.281399093816734,8,18,11,NA,11,3.095390031984074,4.807297586328468
190815_EV38_2_Collagen_ITSwithAsc+Dexa_63x_zstack_6.czi,26,27,9.722248653275724,2.13546316394882,0.219647042583026,clemens,0.281399093816734,7,23,17,NA,17,4.783784594884478,5.238778290292151
190815_EV38_2_Collagen_ITSwithAsc+Dexa_63x_zstack_6.czi,27,29,12.745730483072917,2.7995620061672897,0.219647042583026,clemens,0.281399093816734,11,21,11,NA,11,3.095390031984074,4.173605980022765
190815_EV38_2_Collagen_ITSwithAsc+Dexa_63x_zstack_6.czi,28,26,6.564981446208892,1.44197875927222,0.219647042583026,clemens,0.281399093816734,13,25,13,NA,13,3.658188219617542,3.9321296764400855
190815_EV38_2_Collagen_ITSwithAsc+Dexa_63x_zstack_6.czi,29,1,11.899114805265562,2.61360537633248,0.219647042583026,clemens,0.281399093816734,2,13,12,NA,12,3.376789125800808,4.2700863999831
190815_EV38_2_Collagen_ITSwithAsc+Dexa_63x_zstack_6.czi,30,19,18.144891348305144,3.98547172264556,0.219647042583026,clemens,0.281399093816734,4,16,13,NA,13,3.658188219617542,5.4098360328346295
190815_EV38_2_Collagen_ITSwithAsc+Dexa_63x_zstack_6.czi,31,NA,NA,NA,NA,NA,NA,NA,NA,NA,at border,NA,NA,NA
190815_EV38_2_Collagen_ITSwithAsc+Dexa_63x_zstack_7.czi,1,2,16.275943360053454,3.5749628242845803,0.219647042583026,clemens,0.281399093816734,8,17,10,NA,10,2.81399093816734,4.549604839445365
190815_EV38_2_Collagen_ITSwithAsc+Dexa_63x_zstack_7.czi,2,3,15.743195996034117,3.45794644133383,0.219647042583026,clemens,0.281399093816734,9,17,9,NA,9,2.532591844350606,4.28618887138732
190815_EV38_2_Collagen_ITSwithAsc+Dexa_63x_zstack_7.czi,3,1,15.133907501038863,3.32411802532826,0.219647042583026,clemens,0.281399093816734,7,17,11,NA,11,3.095390031984074,4.542158088003831
190815_EV38_2_Collagen_ITSwithAsc+Dexa_63x_zstack_7.czi,4,4,16.184097132679394,3.55478907206946,0.219647042583026,clemens,0.281399093816734,10,18,9,NA,9,2.532591844350606,4.364693207657974
190815_EV38_2_Collagen_ITSwithAsc+Dexa_63x_zstack_7.czi,5,28,11.115979489005934,2.44159202017373,0.219647042583026,clemens,0.281399093816734,9,16,8,NA,8,2.251192750533872,3.3210300198932705
190815_EV38_2_Collagen_ITSwithAsc+Dexa_63x_zstack_7.czi,6,6,13.43954381259369,2.95195605210121,0.219647042583026,clemens,0.281399093816734,9,18,10,NA,10,2.81399093816734,4.07830718970811
190815_EV38_2_Collagen_ITSwithAsc+Dexa_63x_zstack_7.czi,7,9,21.487925842929815,4.71975936264291,0.219647042583026,clemens,0.281399093816734,6,17,12,NA,12,3.376789125800808,5.803346727654827
190815_EV38_2_Collagen_ITSwithAsc+Dexa_63x_zstack_7.czi,8,10,11.777202554087319,2.58682771090654,0.219647042583026,clemens,0.281399093816734,8,17,10,NA,10,2.81399093816734,3.822332089968358
190815_EV38_2_Collagen_ITSwithAsc+Dexa_63x_zstack_7.czi,9,12,13.798007102476813,3.0306914535986196,0.219647042583026,clemens,0.281399093816734,9,18,10,NA,10,2.81399093816734,4.135654203025638
190815_EV38_2_Collagen_ITSwithAsc+Dexa_63x_zstack_7.czi,10,7,15.648480891883116,3.4371425488191196,0.219647042583026,clemens,0.281399093816734,6,17,12,NA,12,3.376789125800808,4.81836628962861
190815_EV38_2_Collagen_ITSwithAsc+Dexa_63x_zstack_7.czi,11,8,11.88440853638776,2.61037518786604,0.219647042583026,clemens,0.281399093816734,9,17,9,NA,9,2.532591844350606,3.637042764595691
190815_EV38_2_Collagen_ITSwithAsc+Dexa_63x_zstack_7.czi,12,11,15.274161188098072,3.35492433290218,0.219647042583026,clemens,0.281399093816734,9,18,10,NA,10,2.81399093816734,4.378819735909101
190815_EV38_2_Collagen_ITSwithAsc+Dexa_63x_zstack_7.czi,13,13,11.56680465161544,2.54061443386292,0.219647042583026,clemens,0.281399093816734,9,19,11,NA,11,3.095390031984074,4.004517592876697
190815_EV38_2_Collagen_ITSwithAsc+Dexa_63x_zstack_7.czi,14,29,10.201960595885426,2.2408304734347997,0.219647042583026,clemens,0.281399093816734,10,18,9,NA,9,2.532591844350606,3.3816183493625105
190815_EV38_2_Collagen_ITSwithAsc+Dexa_63x_zstack_7.czi,15,16,8.39761987299082,1.84451236983888,0.219647042583026,clemens,0.281399093816734,10,20,11,NA,11,3.095390031984074,3.60328535264625
190815_EV38_2_Collagen_ITSwithAsc+Dexa_63x_zstack_7.czi,16,15,12.28128975820539,2.69754897449502,0.219647042583026,clemens,0.281399093816734,10,19,10,NA,10,2.81399093816734,3.8981169133168696
190815_EV38_2_Collagen_ITSwithAsc+Dexa_63x_zstack_7.czi,17,14,14.247192705933259,3.1293537429687,0.219647042583026,clemens,0.281399093816734,9,17,9,NA,9,2.532591844350606,4.0257764839473404
190815_EV38_2_Collagen_ITSwithAsc+Dexa_63x_zstack_7.czi,18,30,5.210806079677069,1.14453814487472,0.219647042583026,clemens,0.281399093816734,12,20,9,NA,9,2.532591844350606,2.779206544167682
190815_EV38_2_Collagen_ITSwithAsc+Dexa_63x_zstack_7.czi,19,17,10.961929355262342,2.4077553638874303,0.219647042583026,clemens,0.281399093816734,6,16,11,NA,11,3.095390031984074,3.921571794884681
190815_EV38_2_Collagen_ITSwithAsc+Dexa_63x_zstack_7.czi,20,18,15.039661108216501,3.30341708387071,0.219647042583026,clemens,0.281399093816734,7,16,10,NA,10,2.81399093816734,4.339482622398293
190815_EV38_2_Collagen_ITSwithAsc+Dexa_63x_zstack_7.czi,21,19,16.66320797445684,3.66002435153534,0.219647042583026,clemens,0.281399093816734,8,16,9,NA,9,2.532591844350606,4.450820115877847
190815_EV38_2_Collagen_ITSwithAsc+Dexa_63x_zstack_7.czi,22,20,11.77158920876871,2.58559475620831,0.219647042583026,clemens,0.281399093816734,8,18,11,NA,11,3.095390031984074,4.033204643139036
190815_EV38_2_Collagen_ITSwithAsc+Dexa_63x_zstack_7.czi,23,21,15.36400013017443,3.37465719083804,0.219647042583026,clemens,0.281399093816734,10,20,11,NA,11,3.095390031984074,4.579274026063658
190815_EV38_2_Collagen_ITSwithAsc+Dexa_63x_zstack_7.czi,24,22,8.839276695522091,1.94152098474449,0.219647042583026,clemens,0.281399093816734,10,18,9,NA,9,2.532591844350606,3.1911636097628113
190815_EV38_2_Collagen_ITSwithAsc+Dexa_63x_zstack_7.czi,25,23,11.17899816620432,2.45543388624785,0.219647042583026,clemens,0.281399093816734,11,17,7,NA,7,1.9697936567171381,3.147894950562565
190815_EV38_2_Collagen_ITSwithAsc+Dexa_63x_zstack_7.czi,26,25,12.50976181328007,2.7477321857050403,0.219647042583026,clemens,0.281399093816734,11,21,11,NA,11,3.095390031984074,4.139018194507698
190815_EV38_2_Collagen_ITSwithAsc+Dexa_63x_zstack_7.czi,27,24,14.07527197783406,3.09159186348299,0.219647042583026,clemens,0.281399093816734,11,17,7,NA,7,1.9697936567171381,3.6657914971254577
190815_EV38_2_Collagen_ITSwithAsc+Dexa_63x_zstack_7.czi,28,27,7.655165739551317,1.68143451517535,0.219647042583026,clemens,0.281399093816734,11,22,12,NA,12,3.376789125800808,3.772257524208753
190815_EV38_2_Collagen_ITSwithAsc+Dexa_63x_zstack_7.czi,29,26,18.173594609092216,3.99177630898993,0.219647042583026,clemens,0.281399093816734,12,19,8,NA,8,2.251192750533872,4.582809935080172
190815_EV38_2_Collagen_ITSwithAsc+Dexa_63x_zstack_7.czi,30,5,13.380146498170353,2.93890960765075,0.219647042583026,clemens,0.281399093816734,7,16,10,NA,10,2.81399093816734,4.068873883770519
190815_EV38_2_Collagen_ITSwithAsc+Dexa_63x_zstack_8.czi,1,NA,14.665308427284778,3.2211916246210297,0.219647042583026,clemens,0.281399093816734,5,12,8,at border,8,2.251192750533872,3.929878405572484
190815_EV38_2_Collagen_ITSwithAsc+Dexa_63x_zstack_8.czi,2,2,17.176068346347982,3.77267261547926,0.219647042583026,clemens,0.281399093816734,5,14,10,NA,10,2.81399093816734,4.706549018513993
190815_EV38_2_Collagen_ITSwithAsc+Dexa_63x_zstack_8.czi,3,1,9.54388941334345,2.09628708438034,0.219647042583026,clemens,0.281399093816734,9,15,7,NA,7,1.9697936567171381,2.8765442096694605
190815_EV38_2_Collagen_ITSwithAsc+Dexa_63x_zstack_8.czi,4,3,13.166080740108363,2.8918906969741403,0.219647042583026,clemens,0.281399093816734,8,14,7,NA,7,1.9697936567171381,3.499016840955278
190815_EV38_2_Collagen_ITSwithAsc+Dexa_63x_zstack_8.czi,5,4,7.1196910045309645,1.5638190732502,0.219647042583026,clemens,0.281399093816734,10,21,12,NA,12,3.376789125800808,3.721321659570387
190815_EV38_2_Collagen_ITSwithAsc+Dexa_63x_zstack_8.czi,6,6,15.906759569440894,3.49387269650694,0.219647042583026,clemens,0.281399093816734,4,15,12,NA,12,3.376789125800808,4.85899693553343
190815_EV38_2_Collagen_ITSwithAsc+Dexa_63x_zstack_8.czi,7,9,11.936184482488564,2.62174762130402,0.219647042583026,clemens,0.281399093816734,6,15,10,NA,10,2.81399093816734,3.8460506483796064
190815_EV38_2_Collagen_ITSwithAsc+Dexa_63x_zstack_8.czi,8,8,13.783051186148924,3.02740643080808,0.219647042583026,clemens,0.281399093816734,8,17,10,NA,10,2.81399093816734,4.1332474759426185
190815_EV38_2_Collagen_ITSwithAsc+Dexa_63x_zstack_8.czi,9,10,16.624811386529952,3.65159065455192,0.219647042583026,clemens,0.281399093816734,6,16,11,NA,11,3.095390031984074,4.7870192979052515
190815_EV38_2_Collagen_ITSwithAsc+Dexa_63x_zstack_8.czi,10,12,12.187083326210574,2.6768568103150603,0.219647042583026,clemens,0.281399093816734,7,17,11,NA,11,3.095390031984074,4.092310085151965
190815_EV38_2_Collagen_ITSwithAsc+Dexa_63x_zstack_8.czi,11,11,14.3235492284558,3.1461252273227003,0.219647042583026,clemens,0.281399093816734,6,16,11,NA,11,3.095390031984074,4.4135635710956604
190815_EV38_2_Collagen_ITSwithAsc+Dexa_63x_zstack_8.czi,12,5,15.92023400412681,3.49683231623618,0.219647042583026,clemens,0.281399093816734,5,16,12,NA,12,3.376789125800808,4.861125491900026
190815_EV38_2_Collagen_ITSwithAsc+Dexa_63x_zstack_8.czi,13,7,10.960511507224473,2.4074439377590804,0.219647042583026,clemens,0.281399093816734,6,17,12,NA,12,3.376789125800808,4.147106354264324
190815_EV38_2_Collagen_ITSwithAsc+Dexa_63x_zstack_8.czi,14,13,12.246734258568688,2.68995896119484,0.219647042583026,clemens,0.281399093816734,8,17,10,NA,10,2.81399093816734,3.8928683785867113
190815_EV38_2_Collagen_ITSwithAsc+Dexa_63x_zstack_8.czi,15,15,12.732831578246879,2.7967287998696904,0.219647042583026,clemens,0.281399093816734,6,15,10,NA,10,2.81399093816734,3.9673967510331587
190815_EV38_2_Collagen_ITSwithAsc+Dexa_63x_zstack_8.czi,16,14,17.17156079102888,3.77168254428414,0.219647042583026,clemens,0.281399093816734,6,16,11,NA,11,3.095390031984074,4.87924468180927
190815_EV38_2_Collagen_ITSwithAsc+Dexa_63x_zstack_8.czi,17,17,8.130344396149473,1.78580610179571,0.219647042583026,clemens,0.281399093816734,8,21,14,NA,14,3.9395873134342763,4.325442362739688
190815_EV38_2_Collagen_ITSwithAsc+Dexa_63x_zstack_8.czi,18,25,13.405966019901662,2.94458078923994,0.219647042583026,clemens,0.281399093816734,9,18,10,NA,10,2.81399093816734,4.072972013708026
190815_EV38_2_Collagen_ITSwithAsc+Dexa_63x_zstack_8.czi,19,NA,9.412088147559203,2.0673373261421304,0.219647042583026,clemens,0.281399093816734,3,16,14,at border,14,3.9395873134342763,4.449070894044373
190815_EV38_2_Collagen_ITSwithAsc+Dexa_63x_zstack_8.czi,20,16,8.025350459637249,1.76274449415165,0.219647042583026,clemens,0.281399093816734,7,16,10,NA,10,2.81399093816734,3.320513989091126
190815_EV38_2_Collagen_ITSwithAsc+Dexa_63x_zstack_8.czi,21,18,12.260199835239233,2.6929166352872,0.219647042583026,clemens,0.281399093816734,6,17,12,NA,12,3.376789125800808,4.319086107584928
190815_EV38_2_Collagen_ITSwithAsc+Dexa_63x_zstack_8.czi,22,19,6.552289676136156,1.4391910495106,0.219647042583026,clemens,0.281399093816734,11,19,9,NA,9,2.532591844350606,2.912952510265594
190815_EV38_2_Collagen_ITSwithAsc+Dexa_63x_zstack_8.czi,23,22,21.1880307651532,4.65388829572407,0.219647042583026,clemens,0.281399093816734,6,17,12,NA,12,3.376789125800808,5.749902700846691
190815_EV38_2_Collagen_ITSwithAsc+Dexa_63x_zstack_8.czi,24,20,11.77616145081349,2.5865990356514197,0.219647042583026,clemens,0.281399093816734,7,19,13,NA,13,3.658188219617542,4.48027182449697
190815_EV38_2_Collagen_ITSwithAsc+Dexa_63x_zstack_8.czi,25,21,13.71176502132382,3.0117486355271597,0.219647042583026,clemens,0.281399093816734,10,17,8,NA,8,2.251192750533872,3.7601194985872413
190815_EV38_2_Collagen_ITSwithAsc+Dexa_63x_zstack_8.czi,26,23,17.595997858177874,3.86490889084603,0.219647042583026,clemens,0.281399093816734,7,18,12,NA,12,3.376789125800808,5.132272940390766
190815_EV38_2_Collagen_ITSwithAsc+Dexa_63x_zstack_8.czi,27,NA,7.670834721349828,1.68487616068768,0.219647042583026,clemens,0.281399093816734,7,18,12,at border,12,3.376789125800808,3.7737928503006417
190815_EV38_2_Collagen_ITSwithAsc+Dexa_63x_zstack_8.czi,28,24,12.500381463905999,2.74567181970663,0.219647042583026,clemens,0.281399093816734,9,16,8,NA,8,2.251192750533872,3.5505749592970677
190815_EV38_2_Collagen_ITSwithAsc+Dexa_63x_zstack_8.czi,29,26,11.896638180595442,2.6130613930481,0.219647042583026,clemens,0.281399093816734,8,15,8,NA,8,2.251192750533872,3.449051847087071
190815_EV38_2_Collagen_ITSwithAsc+Dexa_63x_zstack_9.czi,1,1,18.925734602973094,4.15698163425428,0.219647042583026,clemens,0.281399093816734,4,14,11,NA,11,3.095390031984074,5.18285015774465
190815_EV38_2_Collagen_ITSwithAsc+Dexa_63x_zstack_9.czi,2,2,9.38629663494419,2.0616722966725,0.219647042583026,clemens,0.281399093816734,7,20,14,NA,14,3.9395873134342763,4.446441370246454
190815_EV38_2_Collagen_ITSwithAsc+Dexa_63x_zstack_9.czi,3,24,14.711801120565955,3.23140360720196,0.219647042583026,clemens,0.281399093816734,8,16,9,NA,9,2.532591844350606,4.105604793779967
190815_EV38_2_Collagen_ITSwithAsc+Dexa_63x_zstack_9.czi,4,5,7.344723230317189,1.61324673613002,0.219647042583026,clemens,0.281399093816734,12,22,11,NA,11,3.095390031984074,3.4905593365162164
190815_EV38_2_Collagen_ITSwithAsc+Dexa_63x_zstack_9.czi,5,6,16.951447209604286,3.7233352470918697,0.219647042583026,clemens,0.281399093816734,8,19,12,NA,12,3.376789125800808,5.026522671028478
190815_EV38_2_Collagen_ITSwithAsc+Dexa_63x_zstack_9.czi,6,3,17.98657404018689,3.95069779412768,0.219647042583026,clemens,0.281399093816734,5,15,11,NA,11,3.095390031984074,5.0189094941662065
190815_EV38_2_Collagen_ITSwithAsc+Dexa_63x_zstack_9.czi,7,4,13.647875839232123,2.99771556562767,0.219647042583026,clemens,0.281399093816734,7,19,13,NA,13,3.658188219617542,4.729549625763005
190815_EV38_2_Collagen_ITSwithAsc+Dexa_63x_zstack_9.czi,8,7,12.082076084018038,2.65379228011767,0.219647042583026,clemens,0.281399093816734,9,22,14,NA,14,3.9395873134342763,4.7500485961918795
190815_EV38_2_Collagen_ITSwithAsc+Dexa_63x_zstack_9.czi,9,8,9.444327000903758,2.07441849493553,0.219647042583026,clemens,0.281399093816734,11,20,10,NA,10,2.81399093816734,3.495962970658942
190815_EV38_2_Collagen_ITSwithAsc+Dexa_63x_zstack_9.czi,10,11,14.272186675488824,3.13484359446399,0.219647042583026,clemens,0.281399093816734,7,18,12,NA,12,3.376789125800808,4.607596896634784
190815_EV38_2_Collagen_ITSwithAsc+Dexa_63x_zstack_9.czi,11,10,13.494706034219963,2.96407227094373,0.219647042583026,clemens,0.281399093816734,8,19,12,NA,12,3.376789125800808,4.493153594915725
190815_EV38_2_Collagen_ITSwithAsc+Dexa_63x_zstack_9.czi,12,9,12.56682139604132,2.76026515430957,0.219647042583026,clemens,0.281399093816734,9,17,9,NA,9,2.532591844350606,3.7460759698872685
190815_EV38_2_Collagen_ITSwithAsc+Dexa_63x_zstack_9.czi,13,14,13.927575379693032,3.05915074250174,0.219647042583026,clemens,0.281399093816734,8,16,9,NA,9,2.532591844350606,3.971451210253017
190815_EV38_2_Collagen_ITSwithAsc+Dexa_63x_zstack_9.czi,14,16,10.353381090252558,2.274089537209,0.219647042583026,clemens,0.281399093816734,8,18,11,NA,11,3.095390031984074,3.8409533547479864
190815_EV38_2_Collagen_ITSwithAsc+Dexa_63x_zstack_9.czi,15,13,11.171951485752274,2.4538861037265303,0.219647042583026,clemens,0.281399093816734,12,20,9,NA,9,2.532591844350606,3.5264115556941698
190815_EV38_2_Collagen_ITSwithAsc+Dexa_63x_zstack_9.czi,16,15,15.495210953710858,3.4034772601827,0.219647042583026,clemens,0.281399093816734,8,20,13,NA,13,3.658188219617542,4.996598694184805
190815_EV38_2_Collagen_ITSwithAsc+Dexa_63x_zstack_9.czi,17,12,19.385174747729266,4.25789630329389,0.219647042583026,clemens,0.281399093816734,9,20,12,NA,12,3.376789125800808,5.434370775879243
190815_EV38_2_Collagen_ITSwithAsc+Dexa_63x_zstack_9.czi,18,20,13.457924158511593,2.95599324072373,0.219647042583026,clemens,0.281399093816734,5,18,14,NA,14,3.9395873134342763,4.925265905448829
190815_EV38_2_Collagen_ITSwithAsc+Dexa_63x_zstack_9.czi,19,21,8.628622427711177,1.89525139781233,0.219647042583026,clemens,0.281399093816734,9,21,13,NA,13,3.658188219617542,4.119990159097246
190815_EV38_2_Collagen_ITSwithAsc+Dexa_63x_zstack_9.czi,20,18,14.420173585987122,3.16734848169594,0.219647042583026,clemens,0.281399093816734,7,18,12,NA,12,3.376789125800808,4.629773342684085
190815_EV38_2_Collagen_ITSwithAsc+Dexa_63x_zstack_9.czi,21,19,15.176371951984997,3.33344521639349,0.219647042583026,clemens,0.281399093816734,11,20,10,NA,10,2.81399093816734,4.362384899431106
190815_EV38_2_Collagen_ITSwithAsc+Dexa_63x_zstack_9.czi,22,22,13.481448849487965,2.96116036952437,0.219647042583026,clemens,0.281399093816734,10,20,11,NA,11,3.095390031984074,4.2836795146401965
190815_EV38_2_Collagen_ITSwithAsc+Dexa_63x_zstack_9.czi,23,17,18.851806942571876,4.14074364228207,0.219647042583026,clemens,0.281399093816734,11,22,12,NA,12,3.376789125800808,5.3430761468676415
190815_EV38_2_Collagen_ITSwithAsc+Dexa_63x_zstack_9.czi,24,NA,16.052594199231738,3.52590484164669,0.219647042583026,clemens,0.281399093816734,13,20,8,at border,8,2.251192750533872,4.183285043169283
190815_EV38_2_Collagen_ITSwithAsc+Dexa_63x_zstack_9.czi,25,23,19.439481677142943,4.26982465973137,0.219647042583026,clemens,0.281399093816734,10,23,14,NA,14,3.9395873134342763,5.809625704382547
190815_EV38_2_Collagen_ITSwithAsc+Dexa_63x_zstack_9.czi,26,NA,7.1274666782806095,1.5655269769934,0.219647042583026,clemens,0.281399093816734,12,17,6,at border,6,1.688394562900404,2.3025096993771252
190815_EV38_2_Collagen_ITSwithAsc+Dexa_63x_zstack_10.czi,1,1,13.14,2.886162139540962,0.219647042583026,kai,0.281399093816734,2,13,NA,NA,12,3.376789125800808,4.442143254764106
190815_EV38_2_Collagen_ITSwithAsc+Dexa_63x_zstack_10.czi,2,2,10.285,2.2590698329664223,0.219647042583026,kai,0.281399093816734,4,13,NA,NA,10,2.81399093816734,3.6085927326738947
190815_EV38_2_Collagen_ITSwithAsc+Dexa_63x_zstack_10.czi,3,3,9.227,2.026683261913581,0.219647042583026,kai,0.281399093816734,5,15,NA,NA,11,3.095390031984074,3.6998492529057234
190815_EV38_2_Collagen_ITSwithAsc+Dexa_63x_zstack_10.czi,28,4,9.431,2.071491258600518,0.219647042583026,kai,0.281399093816734,4,18,NA,NA,15,4.22098640725101,4.701893478659012
190815_EV38_2_Collagen_ITSwithAsc+Dexa_63x_zstack_10.czi,4,5,15.98,3.5099597404767557,0.219647042583026,kai,0.281399093816734,3,15,NA,NA,13,3.658188219617542,5.069729620987318
190815_EV38_2_Collagen_ITSwithAsc+Dexa_63x_zstack_10.czi,5,6,13.463,2.9571081342952787,0.219647042583026,kai,0.281399093816734,2,13,NA,NA,12,3.376789125800808,4.4885625001822005
190815_EV38_2_Collagen_ITSwithAsc+Dexa_63x_zstack_10.czi,7,7,11.783,2.5881011027557954,0.219647042583026,kai,0.281399093816734,5,18,NA,NA,14,3.9395873134342763,4.713662643662364
190815_EV38_2_Collagen_ITSwithAsc+Dexa_63x_zstack_10.czi,11,8,9.478,2.08181466960192,0.219647042583026,kai,0.281399093816734,2,17,NA,NA,16,4.502385501067744,4.960385823582152
190815_EV38_2_Collagen_ITSwithAsc+Dexa_63x_zstack_10.czi,8,9,17.039,3.74256595857218,0.219647042583026,kai,0.281399093816734,4,13,NA,NA,10,2.81399093816734,4.682450742330474
190815_EV38_2_Collagen_ITSwithAsc+Dexa_63x_zstack_10.czi,12,10,18.445,4.051389700443915,0.219647042583026,kai,0.281399093816734,3,14,NA,NA,12,3.376789125800808,5.274131521396638
190815_EV38_2_Collagen_ITSwithAsc+Dexa_63x_zstack_10.czi,9,11,17.048,3.744542781955427,0.219647042583026,kai,0.281399093816734,5,17,NA,NA,13,3.658188219617542,5.2348774289416795
190815_EV38_2_Collagen_ITSwithAsc+Dexa_63x_zstack_10.czi,13,12,15.672,3.4423084513611837,0.219647042583026,kai,0.281399093816734,3,14,NA,NA,12,3.376789125800808,4.822052703407462
190815_EV38_2_Collagen_ITSwithAsc+Dexa_63x_zstack_10.czi,14,13,16.555,3.6362567899619953,0.219647042583026,kai,0.281399093816734,5,14,NA,NA,10,2.81399093816734,4.597924362430576
190815_EV38_2_Collagen_ITSwithAsc+Dexa_63x_zstack_10.czi,30,14,6.38,1.4013481316797058,0.219647042583026,kai,0.281399093816734,10,20,NA,NA,11,3.095390031984074,3.397825192129308
190815_EV38_2_Collagen_ITSwithAsc+Dexa_63x_zstack_10.czi,15,15,16.361,3.5936452637008887,0.219647042583026,kai,0.281399093816734,5,15,NA,NA,11,3.095390031984074,4.74296592138571
190815_EV38_2_Collagen_ITSwithAsc+Dexa_63x_zstack_10.czi,10,16,8.871,1.9484889147540239,0.219647042583026,kai,0.281399093816734,7,18,NA,NA,12,3.376789125800808,3.898629740183838
190815_EV38_2_Collagen_ITSwithAsc+Dexa_63x_zstack_10.czi,17,17,13.77,3.0245397763682678,0.219647042583026,kai,0.281399093816734,4,13,NA,NA,10,2.81399093816734,4.131148249448538
190815_EV38_2_Collagen_ITSwithAsc+Dexa_63x_zstack_10.czi,21,18,17.857,3.9222372394050953,0.219647042583026,kai,0.281399093816734,4,16,NA,NA,13,3.658188219617542,5.363421110851232
190815_EV38_2_Collagen_ITSwithAsc+Dexa_63x_zstack_10.czi,18,19,12.019,2.6399378048053896,0.219647042583026,kai,0.281399093816734,3,14,NA,NA,12,3.376789125800808,4.286254357054337
190815_EV38_2_Collagen_ITSwithAsc+Dexa_63x_zstack_10.czi,22,20,15.144,3.326334812877346,0.219647042583026,kai,0.281399093816734,6,16,NA,NA,11,3.095390031984074,4.543780665642449
190815_EV38_2_Collagen_ITSwithAsc+Dexa_63x_zstack_10.czi,23,21,14.895,3.2716426992741723,0.219647042583026,kai,0.281399093816734,6,15,NA,NA,10,2.81399093816734,4.315343665549929
190815_EV38_2_Collagen_ITSwithAsc+Dexa_63x_zstack_10.czi,16,22,15.382,3.378610809012106,0.219647042583026,kai,0.281399093816734,6,16,NA,NA,11,3.095390031984074,4.58218839081064
190815_EV38_2_Collagen_ITSwithAsc+Dexa_63x_zstack_10.czi,19,23,11.733,2.5771187506266444,0.219647042583026,kai,0.281399093816734,8,17,NA,NA,10,2.81399093816734,3.815768081909505
190815_EV38_2_Collagen_ITSwithAsc+Dexa_63x_zstack_10.czi,20,24,13.898,3.0526545978188953,0.219647042583026,kai,0.281399093816734,2,14,NA,NA,13,3.658188219617542,4.764560960228487
190815_EV38_2_Collagen_ITSwithAsc+Dexa_63x_zstack_10.czi,26,25,15.513,3.4073845715904825,0.219647042583026,kai,0.281399093816734,3,15,NA,NA,13,3.658188219617542,4.999261012275856
190815_EV38_2_Collagen_ITSwithAsc+Dexa_63x_zstack_10.czi,27,26,14.094,3.0957054181651684,0.219647042583026,kai,0.281399093816734,5,15,NA,NA,11,3.095390031984074,4.377765581454031
190815_EV38_2_Collagen_ITSwithAsc+Dexa_63x_zstack_10.czi,24,27,9.472,2.0804967873464224,0.219647042583026,kai,0.281399093816734,6,19,NA,NA,14,3.9395873134342763,4.455200902577917
190815_EV38_2_Collagen_ITSwithAsc+Dexa_63x_zstack_10.czi,25,28,10.566,2.3207906519322528,0.219647042583026,kai,0.281399093816734,7,17,NA,NA,11,3.095390031984074,3.8687864635053844
190815_EV38_2_Collagen_ITSwithAsc+Dexa_63x_zstack_10.czi,6,29,10.054,2.2083313661297437,0.219647042583026,kai,0.281399093816734,5,14,NA,NA,10,2.81399093816734,3.5770480039720414
190815_EV38_2_Collagen_ITSwithAsc+Dexa_63x_zstack_11.czi,3,1,12.608,2.769309912886792,0.219647042583026,kai,0.281399093816734,8,14,NA,NA,7,1.9697936567171381,3.3984061622554957
190815_EV38_2_Collagen_ITSwithAsc+Dexa_63x_zstack_11.czi,2,2,17.948,3.942225120280151,0.219647042583026,kai,0.281399093816734,4,15,NA,NA,12,3.376789125800808,5.190745967497778
190815_EV38_2_Collagen_ITSwithAsc+Dexa_63x_zstack_11.czi,1,3,8.199,1.80088610213823,0.219647042583026,kai,0.281399093816734,7,20,NA,NA,14,3.9395873134342763,4.33169008044746
190815_EV38_2_Collagen_ITSwithAsc+Dexa_63x_zstack_11.czi,4,4,12.049,2.6465272160828803,0.219647042583026,kai,0.281399093816734,9,18,NA,NA,10,2.81399093816734,3.8629847664151233
190815_EV38_2_Collagen_ITSwithAsc+Dexa_63x_zstack_11.czi,5,5,6.461,1.419139542128931,0.219647042583026,kai,0.281399093816734,10,20,NA,NA,11,3.095390031984074,3.4052013876040106
190815_EV38_2_Collagen_ITSwithAsc+Dexa_63x_zstack_11.czi,6,6,8.325,1.8285616295036913,0.219647042583026,kai,0.281399093816734,10,23,NA,NA,14,3.9395873134342763,4.343269026098371
190815_EV38_2_Collagen_ITSwithAsc+Dexa_63x_zstack_11.czi,7,7,14.16,3.110202122975648,0.219647042583026,kai,0.281399093816734,5,15,NA,NA,11,3.095390031984074,4.388028793874146
190815_EV38_2_Collagen_ITSwithAsc+Dexa_63x_zstack_11.czi,8,8,10.426,2.2900400659706293,0.219647042583026,kai,0.281399093816734,9,16,NA,NA,8,2.251192750533872,3.2112540079861365
190815_EV38_2_Collagen_ITSwithAsc+Dexa_63x_zstack_11.czi,11,9,12.953,2.8450881425779357,0.219647042583026,kai,0.281399093816734,6,18,NA,NA,13,3.658188219617542,4.6343141444216025
190815_EV38_2_Collagen_ITSwithAsc+Dexa_63x_zstack_11.czi,13,10,9.011,1.9792395007156471,0.219647042583026,kai,0.281399093816734,10,23,NA,NA,14,3.9395873134342763,4.408824922965917
190815_EV38_2_Collagen_ITSwithAsc+Dexa_63x_zstack_11.czi,10,11,11.977,2.6307126290169025,0.219647042583026,kai,0.281399093816734,9,17,NA,NA,9,2.532591844350606,3.651666795661979
190815_EV38_2_Collagen_ITSwithAsc+Dexa_63x_zstack_11.czi,12,12,12.171,2.673324155278009,0.219647042583026,kai,0.281399093816734,12,21,NA,NA,10,2.81399093816734,3.8813924098551005
190815_EV38_2_Collagen_ITSwithAsc+Dexa_63x_zstack_11.czi,14,13,12.916,2.836961202002364,0.219647042583026,kai,0.281399093816734,7,15,NA,NA,9,2.532591844350606,3.8029423229570414
190815_EV38_2_Collagen_ITSwithAsc+Dexa_63x_zstack_11.czi,17,14,7.162,1.5731121189796322,0.219647042583026,kai,0.281399093816734,14,25,NA,NA,12,3.376789125800808,3.7252364406849634
190815_EV38_2_Collagen_ITSwithAsc+Dexa_63x_zstack_11.czi,16,15,13.887,3.0502384803504823,0.219647042583026,kai,0.281399093816734,9,19,NA,NA,11,3.095390031984074,4.345732876870964
190815_EV38_2_Collagen_ITSwithAsc+Dexa_63x_zstack_11.czi,15,16,14.297,3.140293767809523,0.219647042583026,kai,0.281399093816734,8,18,NA,NA,11,3.095390031984074,4.409408622281416
190815_EV38_2_Collagen_ITSwithAsc+Dexa_63x_zstack_11.czi,18,17,9.26,2.0339316143188206,0.219647042583026,kai,0.281399093816734,12,19,NA,NA,8,2.251192750533872,3.0339325325032895
190815_EV38_2_Collagen_ITSwithAsc+Dexa_63x_zstack_11.czi,9,18,10.487,2.3034385355681937,0.219647042583026,kai,0.281399093816734,9,18,NA,NA,10,2.81399093816734,3.6365332512199653
190815_EV38_2_Collagen_ITSwithAsc+Dexa_63x_zstack_12.czi,2,1,8.3,1.823070453439116,0.219647042583026,kai,0.281399093816734,7,16,NA,NA,10,2.81399093816734,3.352928701641389
190815_EV38_2_Collagen_ITSwithAsc+Dexa_63x_zstack_12.czi,1,2,13.183,2.8956069623720317,0.219647042583026,kai,0.281399093816734,8,14,NA,NA,7,1.9697936567171381,3.5020889095767487
190815_EV38_2_Collagen_ITSwithAsc+Dexa_63x_zstack_12.czi,3,3,14.284,3.1374383562559434,0.219647042583026,kai,0.281399093816734,5,14,NA,NA,10,2.81399093816734,4.214506428918326
190815_EV38_2_Collagen_ITSwithAsc+Dexa_63x_zstack_12.czi,6,4,12.042,2.644989686784799,0.219647042583026,kai,0.281399093816734,10,20,NA,NA,11,3.095390031984074,4.071536551881159
190815_EV38_2_Collagen_ITSwithAsc+Dexa_63x_zstack_12.czi,5,5,17.156,3.768264662554394,0.219647042583026,kai,0.281399093816734,6,16,NA,NA,11,3.095390031984074,4.876603122785629
190815_EV38_2_Collagen_ITSwithAsc+Dexa_63x_zstack_12.czi,7,6,12.417,2.7273573277534338,0.219647042583026,kai,0.281399093816734,8,15,NA,NA,8,2.251192750533872,3.536431364144738
190815_EV38_2_Collagen_ITSwithAsc+Dexa_63x_zstack_12.czi,9,7,12.993,2.853874024281257,0.219647042583026,kai,0.281399093816734,9,17,NA,NA,9,2.532591844350606,3.815575762127978
190815_EV38_2_Collagen_ITSwithAsc+Dexa_63x_zstack_12.czi,10,8,12.317,2.7053926234951313,0.219647042583026,kai,0.281399093816734,7,18,NA,NA,12,3.376789125800808,4.32687578367908
190815_EV38_2_Collagen_ITSwithAsc+Dexa_63x_zstack_12.czi,8,9,10.036,2.204377719363249,0.219647042583026,kai,0.281399093816734,7,16,NA,NA,10,2.81399093816734,3.5746085281766202
190815_EV38_2_Collagen_ITSwithAsc+Dexa_63x_zstack_12.czi,12,10,10.887,2.3912973526014043,0.219647042583026,kai,0.281399093816734,7,16,NA,NA,10,2.81399093816734,3.6928103158226784
190815_EV38_2_Collagen_ITSwithAsc+Dexa_63x_zstack_12.czi,13,11,10.372,2.2781791256711457,0.219647042583026,kai,0.281399093816734,9,16,NA,NA,8,2.251192750533872,3.2028064144902677
190815_EV38_2_Collagen_ITSwithAsc+Dexa_63x_zstack_12.czi,14,12,6.751,1.4828371844780086,0.219647042583026,kai,0.281399093816734,10,19,NA,NA,10,2.81399093816734,3.1807783820565954
190815_EV38_2_Collagen_ITSwithAsc+Dexa_63x_zstack_12.czi,15,13,7.032,1.5445580034438389,0.219647042583026,kai,0.281399093816734,8,19,NA,NA,12,3.376789125800808,3.7132686714172736
190815_EV38_2_Collagen_ITSwithAsc+Dexa_63x_zstack_12.czi,16,14,13.626,2.992910602236312,0.219647042583026,kai,0.281399093816734,10,17,NA,NA,8,2.251192750533872,3.7450477531047297
190815_EV38_2_Collagen_ITSwithAsc+Dexa_63x_zstack_12.czi,17,15,18.112,3.978247235263767,0.219647042583026,kai,0.281399093816734,9,18,NA,NA,10,2.81399093816734,4.872883752458262
190815_EV38_2_Collagen_ITSwithAsc+Dexa_63x_zstack_12.czi,18,16,12.93,2.8400362605985263,0.219647042583026,kai,0.281399093816734,7,15,NA,NA,9,2.532591844350606,3.805236840406345
190815_EV38_2_Collagen_ITSwithAsc+Dexa_63x_zstack_12.czi,19,17,15.265,3.3529121050298922,0.219647042583026,kai,0.281399093816734,10,18,NA,NA,9,2.532591844350606,4.201909212980117
190815_EV38_2_Collagen_ITSwithAsc+Dexa_63x_zstack_6.czi,29,1,10.772,2.3660379427043563,0.219647042583026,kai,0.281399093816734,4,13,NA,NA,10,2.81399093816734,3.676503848278221
190815_EV38_2_Collagen_ITSwithAsc+Dexa_63x_zstack_6.czi,1,2,9.667,2.1233279606501125,0.219647042583026,kai,0.281399093816734,6,14,NA,NA,9,2.532591844350606,3.3049270912608297
190815_EV38_2_Collagen_ITSwithAsc+Dexa_63x_zstack_6.czi,3,3,9.75,2.1415586651845033,0.219647042583026,kai,0.281399093816734,7,15,NA,NA,9,2.532591844350606,3.3166692579300148
190815_EV38_2_Collagen_ITSwithAsc+Dexa_63x_zstack_6.czi,2,4,17.871,3.9253122980012574,0.219647042583026,kai,0.281399093816734,7,17,NA,NA,11,3.095390031984074,4.998951498759143
190815_EV38_2_Collagen_ITSwithAsc+Dexa_63x_zstack_6.czi,4,5,7.85,1.7242292842767541,0.219647042583026,kai,0.281399093816734,7,20,NA,NA,14,3.9395873134342763,4.300385427485521
190815_EV38_2_Collagen_ITSwithAsc+Dexa_63x_zstack_6.czi,5,6,15.391,3.380587632395353,0.219647042583026,kai,0.281399093816734,13,22,NA,NA,10,2.81399093816734,4.398513128364212
190815_EV38_2_Collagen_ITSwithAsc+Dexa_63x_zstack_6.czi,6,7,11.885,2.610505101099264,0.219647042583026,kai,0.281399093816734,7,17,NA,NA,11,3.095390031984074,4.049219225106445
190815_EV38_2_Collagen_ITSwithAsc+Dexa_63x_zstack_6.czi,7,8,6.003,1.318541196625905,0.219647042583026,kai,0.281399093816734,10,22,NA,NA,13,3.658188219617542,3.888559108120672
190815_EV38_2_Collagen_ITSwithAsc+Dexa_63x_zstack_6.czi,8,9,11.265,2.474323934697788,0.219647042583026,kai,0.281399093816734,7,18,NA,NA,12,3.376789125800808,4.18628519500821
190815_EV38_2_Collagen_ITSwithAsc+Dexa_63x_zstack_6.czi,9,10,12.364,2.7157160344965336,0.219647042583026,kai,0.281399093816734,7,16,NA,NA,10,2.81399093816734,3.91071075127137
190815_EV38_2_Collagen_ITSwithAsc+Dexa_63x_zstack_6.czi,10,11,13.151,2.888578257009375,0.219647042583026,kai,0.281399093816734,10,18,NA,NA,9,2.532591844350606,3.8416019831495456
190815_EV38_2_Collagen_ITSwithAsc+Dexa_63x_zstack_6.czi,11,12,20.632,4.531757782572993,0.219647042583026,kai,0.281399093816734,5,15,NA,NA,11,3.095390031984074,5.488011301921421
190815_EV38_2_Collagen_ITSwithAsc+Dexa_63x_zstack_6.czi,12,13,12.196,2.678815331342585,0.219647042583026,kai,0.281399093816734,9,19,NA,NA,11,3.095390031984074,4.093591458553534
190815_EV38_2_Collagen_ITSwithAsc+Dexa_63x_zstack_6.czi,14,14,9.751,2.1417783122270864,0.219647042583026,kai,0.281399093816734,12,19,NA,NA,8,2.251192750533872,3.107262965824194
190815_EV38_2_Collagen_ITSwithAsc+Dexa_63x_zstack_6.czi,13,15,13.692,3.007407307046792,0.219647042583026,kai,0.281399093816734,7,16,NA,NA,10,2.81399093816734,4.118621578946813
190815_EV38_2_Collagen_ITSwithAsc+Dexa_63x_zstack_6.czi,15,16,10.966,2.408649468965463,0.219647042583026,kai,0.281399093816734,7,17,NA,NA,11,3.095390031984074,3.9221208184417233
190815_EV38_2_Collagen_ITSwithAsc+Dexa_63x_zstack_6.czi,17,17,14.317,3.144686708661183,0.219647042583026,kai,0.281399093816734,9,17,NA,NA,9,2.532591844350606,4.037706768166989
190815_EV38_2_Collagen_ITSwithAsc+Dexa_63x_zstack_6.czi,18,18,19.308,4.240945098193066,0.219647042583026,kai,0.281399093816734,10,19,NA,NA,10,2.81399093816734,5.089612983909062
190815_EV38_2_Collagen_ITSwithAsc+Dexa_63x_zstack_6.czi,30,19,16.447,3.6125349093630286,0.219647042583026,kai,0.281399093816734,5,16,NA,NA,12,3.376789125800808,4.945008925319866
190815_EV38_2_Collagen_ITSwithAsc+Dexa_63x_zstack_6.czi,16,20,12.987,2.8525561420257586,0.219647042583026,kai,0.281399093816734,8,16,NA,NA,9,2.532591844350606,3.8145901475099633
190815_EV38_2_Collagen_ITSwithAsc+Dexa_63x_zstack_6.czi,24,21,14.099,3.0968036533780836,0.219647042583026,kai,0.281399093816734,9,18,NA,NA,10,2.81399093816734,4.184344377278686
190815_EV38_2_Collagen_ITSwithAsc+Dexa_63x_zstack_6.czi,19,22,8.359,1.8360296289515143,0.219647042583026,kai,0.281399093816734,8,19,NA,NA,12,3.376789125800808,3.843658361316003
190815_EV38_2_Collagen_ITSwithAsc+Dexa_63x_zstack_6.czi,22,23,11.102,2.4385214667567547,0.219647042583026,kai,0.281399093816734,8,18,NA,NA,11,3.095390031984074,3.9405363079078315
190815_EV38_2_Collagen_ITSwithAsc+Dexa_63x_zstack_6.czi,23,24,15.29,3.3584032810944673,0.219647042583026,kai,0.281399093816734,11,21,NA,NA,11,3.095390031984074,4.567309059892099
190815_EV38_2_Collagen_ITSwithAsc+Dexa_63x_zstack_6.czi,21,25,13.807,3.03266671694384,0.219647042583026,kai,0.281399093816734,9,18,NA,NA,10,2.81399093816734,4.137101934464129
190815_EV38_2_Collagen_ITSwithAsc+Dexa_63x_zstack_6.czi,28,26,5.028,1.1043853301074547,0.219647042583026,kai,0.281399093816734,14,25,NA,NA,12,3.376789125800808,3.5527977366412427
190815_EV38_2_Collagen_ITSwithAsc+Dexa_63x_zstack_6.czi,26,27,7.575,1.6638263475664221,0.219647042583026,kai,0.281399093816734,8,21,NA,NA,14,3.9395873134342763,4.276525027990426
190815_EV38_2_Collagen_ITSwithAsc+Dexa_63x_zstack_6.czi,25,28,15.023,3.2997575207247998,0.219647042583026,kai,0.281399093816734,8,17,NA,NA,10,2.81399093816734,4.3366974411028245
190815_EV38_2_Collagen_ITSwithAsc+Dexa_63x_zstack_6.czi,27,29,11.539,2.534507224365537,0.219647042583026,kai,0.281399093816734,12,20,NA,NA,9,2.532591844350606,3.5829803684129082
190815_EV38_2_Collagen_ITSwithAsc+Dexa_63x_zstack_6.czi,20,30,8.262,1.814723865820961,0.219647042583026,kai,0.281399093816734,10,14,NA,NA,5,1.40699546908367,2.2962706633152266
190815_EV38_2_Collagen_ITSwithAsc+Dexa_63x_zstack_7.czi,3,1,15.014,3.2977806973415524,0.219647042583026,kai,0.281399093816734,6,16,NA,NA,11,3.095390031984074,4.522919077085605
190815_EV38_2_Collagen_ITSwithAsc+Dexa_63x_zstack_7.czi,1,2,16.207,3.5598196191431026,0.219647042583026,kai,0.281399093816734,8,17,NA,NA,10,2.81399093816734,4.537715363585959
190815_EV38_2_Collagen_ITSwithAsc+Dexa_63x_zstack_7.czi,2,3,15.502,3.404968454122069,0.219647042583026,kai,0.281399093816734,9,17,NA,NA,9,2.532591844350606,4.2435635524447655
190815_EV38_2_Collagen_ITSwithAsc+Dexa_63x_zstack_7.czi,4,4,16.031,3.5211617396484898,0.219647042583026,kai,0.281399093816734,9,18,NA,NA,10,2.81399093816734,4.507452162458553
190815_EV38_2_Collagen_ITSwithAsc+Dexa_63x_zstack_7.czi,30,5,13.029,2.8617813178142457,0.219647042583026,kai,0.281399093816734,6,16,NA,NA,11,3.095390031984074,4.215593880000421
190815_EV38_2_Collagen_ITSwithAsc+Dexa_63x_zstack_7.czi,6,6,12.811,2.813898262531146,0.219647042583026,kai,0.281399093816734,10,18,NA,NA,9,2.532591844350606,3.7857687306473182
190815_EV38_2_Collagen_ITSwithAsc+Dexa_63x_zstack_7.czi,10,7,14.916,3.276255287168416,0.219647042583026,kai,0.281399093816734,6,18,NA,NA,13,3.658188219617542,4.910823735061926
190815_EV38_2_Collagen_ITSwithAsc+Dexa_63x_zstack_7.czi,11,8,11.748,2.5804134562653895,0.219647042583026,kai,0.281399093816734,10,17,NA,NA,8,2.251192750533872,3.424383507338475
190815_EV38_2_Collagen_ITSwithAsc+Dexa_63x_zstack_7.czi,7,9,20.252,4.448291906391442,0.219647042583026,kai,0.281399093816734,6,19,NA,NA,14,3.9395873134342763,5.942023988898051
190815_EV38_2_Collagen_ITSwithAsc+Dexa_63x_zstack_7.czi,8,10,11.086,2.435007114075426,0.219647042583026,kai,0.281399093816734,8,18,NA,NA,11,3.095390031984074,3.9383624891195965
190815_EV38_2_Collagen_ITSwithAsc+Dexa_63x_zstack_7.czi,12,11,15.557,3.4170490414641357,0.219647042583026,kai,0.281399093816734,9,18,NA,NA,10,2.81399093816734,4.426597920735389
190815_EV38_2_Collagen_ITSwithAsc+Dexa_63x_zstack_7.czi,9,12,13.038,2.863758141197493,0.219647042583026,kai,0.281399093816734,10,18,NA,NA,9,2.532591844350606,3.8229742532936477
190815_EV38_2_Collagen_ITSwithAsc+Dexa_63x_zstack_7.czi,13,13,11.141,2.4470877014174928,0.219647042583026,kai,0.281399093816734,9,19,NA,NA,11,3.095390031984074,3.9458430871659247
190815_EV38_2_Collagen_ITSwithAsc+Dexa_63x_zstack_7.czi,17,14,13.809,3.033106011029006,0.219647042583026,kai,0.281399093816734,9,18,NA,NA,10,2.81399093816734,4.13742396597547
190815_EV38_2_Collagen_ITSwithAsc+Dexa_63x_zstack_7.czi,16,15,12.381,2.719450034220445,0.219647042583026,kai,0.281399093816734,10,19,NA,NA,10,2.81399093816734,3.9133046761924226
190815_EV38_2_Collagen_ITSwithAsc+Dexa_63x_zstack_7.czi,15,16,8.143,1.7885858677535809,0.219647042583026,kai,0.281399093816734,10,20,NA,NA,11,3.095390031984074,3.5749795602820162
190815_EV38_2_Collagen_ITSwithAsc+Dexa_63x_zstack_7.czi,19,17,10.966,2.408649468965463,0.219647042583026,kai,0.281399093816734,5,17,NA,NA,13,3.658188219617542,4.379946725075108
190815_EV38_2_Collagen_ITSwithAsc+Dexa_63x_zstack_7.czi,20,18,15.211,3.3410511647304086,0.219647042583026,kai,0.281399093816734,7,16,NA,NA,10,2.81399093816734,4.368199616024241
190815_EV38_2_Collagen_ITSwithAsc+Dexa_63x_zstack_7.czi,21,19,16.031,3.5211617396484898,0.219647042583026,kai,0.281399093816734,8,17,NA,NA,10,2.81399093816734,4.507452162458553
190815_EV38_2_Collagen_ITSwithAsc+Dexa_63x_zstack_7.czi,22,20,11.511,2.5283571071732123,0.219647042583026,kai,0.281399093816734,7,18,NA,NA,12,3.376789125800808,4.218446925293701
190815_EV38_2_Collagen_ITSwithAsc+Dexa_63x_zstack_7.czi,23,21,15.766,3.462955273363988,0.219647042583026,kai,0.281399093816734,10,20,NA,NA,11,3.095390031984074,4.6447280518266965
190815_EV38_2_Collagen_ITSwithAsc+Dexa_63x_zstack_7.czi,24,22,9.758,2.1433158415251676,0.219647042583026,kai,0.281399093816734,10,18,NA,NA,9,2.532591844350606,3.317804130234927
190815_EV38_2_Collagen_ITSwithAsc+Dexa_63x_zstack_7.czi,25,23,10.914,2.397227822751146,0.219647042583026,kai,0.281399093816734,11,17,NA,NA,7,1.9697936567171381,3.102706606209371
190815_EV38_2_Collagen_ITSwithAsc+Dexa_63x_zstack_7.czi,27,24,14.199,3.118768357636386,0.219647042583026,kai,0.281399093816734,11,18,NA,NA,8,2.251192750533872,3.846372949760621
190815_EV38_2_Collagen_ITSwithAsc+Dexa_63x_zstack_7.czi,26,25,11.971,2.6293947467614043,0.219647042583026,kai,0.281399093816734,11,21,NA,NA,11,3.095390031984074,4.061422926069487
190815_EV38_2_Collagen_ITSwithAsc+Dexa_63x_zstack_7.czi,29,26,17.529,3.850193009437863,0.219647042583026,kai,0.281399093816734,11,20,NA,NA,10,2.81399093816734,4.768913000885222
190815_EV38_2_Collagen_ITSwithAsc+Dexa_63x_zstack_7.czi,28,27,7.491,1.6453759959894476,0.219647042583026,kai,0.281399093816734,12,23,NA,NA,12,3.376789125800808,3.7563235973894544
190815_EV38_2_Collagen_ITSwithAsc+Dexa_63x_zstack_7.czi,5,28,12.937,2.841573789896607,0.219647042583026,kai,0.281399093816734,8,16,NA,NA,9,2.532591844350606,3.8063845120400766
190815_EV38_2_Collagen_ITSwithAsc+Dexa_63x_zstack_7.czi,14,29,10.086,2.2153600714924004,0.219647042583026,kai,0.281399093816734,10,18,NA,NA,9,2.532591844350606,3.3647944508445113
190815_EV38_2_Collagen_ITSwithAsc+Dexa_63x_zstack_7.czi,18,30,6.165,1.3541240175243554,0.219647042583026,kai,0.281399093816734,12,21,NA,NA,10,2.81399093816734,3.122850757709085
190815_EV38_2_Collagen_ITSwithAsc+Dexa_63x_zstack_8.czi,3,1,9.328,2.0488676132144663,0.219647042583026,kai,0.281399093816734,9,15,NA,NA,7,1.9697936567171381,2.842172680630475
190815_EV38_2_Collagen_ITSwithAsc+Dexa_63x_zstack_8.czi,2,2,16.227,3.564212559994763,0.219647042583026,kai,0.281399093816734,5,14,NA,NA,10,2.81399093816734,4.541162425295128
190815_EV38_2_Collagen_ITSwithAsc+Dexa_63x_zstack_8.czi,4,3,13.691,3.007187660004209,0.219647042583026,kai,0.281399093816734,6,14,NA,NA,9,2.532591844350606,3.931564456110671
190815_EV38_2_Collagen_ITSwithAsc+Dexa_63x_zstack_8.czi,5,4,6.183,1.3580776642908496,0.219647042583026,kai,0.281399093816734,10,21,NA,NA,12,3.376789125800808,3.6396537943013585
190815_EV38_2_Collagen_ITSwithAsc+Dexa_63x_zstack_8.czi,12,5,16.144,3.5459818554603713,0.219647042583026,kai,0.281399093816734,6,15,NA,NA,10,2.81399093816734,4.5268678265818725
190815_EV38_2_Collagen_ITSwithAsc+Dexa_63x_zstack_8.czi,6,6,15.464,3.396621866503914,0.219647042583026,kai,0.281399093816734,4,15,NA,NA,12,3.376789125800808,4.789545375517296
190815_EV38_2_Collagen_ITSwithAsc+Dexa_63x_zstack_8.czi,13,7,11.057,2.4286373498405185,0.219647042583026,kai,0.281399093816734,6,16,NA,NA,11,3.095390031984074,3.9344273823704947
190815_EV38_2_Collagen_ITSwithAsc+Dexa_63x_zstack_8.czi,8,8,14.057,3.0875784775895965,0.219647042583026,kai,0.281399093816734,8,16,NA,NA,9,2.532591844350606,3.9933898263687824
190815_EV38_2_Collagen_ITSwithAsc+Dexa_63x_zstack_8.czi,7,9,11.93,2.6203892180155,0.219647042583026,kai,0.281399093816734,7,14,NA,NA,8,2.251192750533872,3.4546068450618437
190815_EV38_2_Collagen_ITSwithAsc+Dexa_63x_zstack_8.czi,9,10,16.535,3.631863849110335,0.219647042583026,kai,0.281399093816734,6,15,NA,NA,10,2.81399093816734,4.594451002955896
190815_EV38_2_Collagen_ITSwithAsc+Dexa_63x_zstack_8.czi,11,11,14.337,3.149079649512844,0.219647042583026,kai,0.281399093816734,7,16,NA,NA,10,2.81399093816734,4.223179801886706
190815_EV38_2_Collagen_ITSwithAsc+Dexa_63x_zstack_8.czi,10,12,11.996,2.63488592282598,0.219647042583026,kai,0.281399093816734,7,16,NA,NA,10,2.81399093816734,3.8550186544807308
190815_EV38_2_Collagen_ITSwithAsc+Dexa_63x_zstack_8.czi,14,13,12.896,2.8325682611507035,0.219647042583026,kai,0.281399093816734,8,16,NA,NA,9,2.532591844350606,3.799666354319748
190815_EV38_2_Collagen_ITSwithAsc+Dexa_63x_zstack_8.czi,16,14,18.04,3.962432648197789,0.219647042583026,kai,0.281399093816734,6,16,NA,NA,11,3.095390031984074,5.028151940982901
190815_EV38_2_Collagen_ITSwithAsc+Dexa_63x_zstack_8.czi,15,15,12.513,2.7484434438414045,0.219647042583026,kai,0.281399093816734,6,14,NA,NA,9,2.532591844350606,3.7373737857038063
190815_EV38_2_Collagen_ITSwithAsc+Dexa_63x_zstack_8.czi,20,16,8.25,1.8120881013099646,0.219647042583026,kai,0.281399093816734,7,16,NA,NA,10,2.81399093816734,3.3469700158497173
190815_EV38_2_Collagen_ITSwithAsc+Dexa_63x_zstack_8.czi,17,17,7.765,1.7055592856571968,0.219647042583026,kai,0.281399093816734,9,20,NA,NA,12,3.376789125800808,3.783072465208415
190815_EV38_2_Collagen_ITSwithAsc+Dexa_63x_zstack_8.czi,21,18,12.524,2.7508595613098175,0.219647042583026,kai,0.281399093816734,6,17,NA,NA,12,3.376789125800808,4.355448671052872
190815_EV38_2_Collagen_ITSwithAsc+Dexa_63x_zstack_8.czi,22,19,6.901,1.5157842408654625,0.219647042583026,kai,0.281399093816734,11,18,NA,NA,8,2.251192750533872,2.7139400628813353
190815_EV38_2_Collagen_ITSwithAsc+Dexa_63x_zstack_8.czi,24,20,10.527,2.3122244172715147,0.219647042583026,kai,0.281399093816734,8,19,NA,NA,12,3.376789125800808,4.092564789463104
190815_EV38_2_Collagen_ITSwithAsc+Dexa_63x_zstack_8.czi,25,21,14.6,3.2068468217121797,0.219647042583026,kai,0.281399093816734,10,16,NA,NA,7,1.9697936567171381,3.7635028348559247
190815_EV38_2_Collagen_ITSwithAsc+Dexa_63x_zstack_8.czi,23,22,20.503,4.503423314079782,0.219647042583026,kai,0.281399093816734,6,17,NA,NA,12,3.376789125800808,5.628812161186755
190815_EV38_2_Collagen_ITSwithAsc+Dexa_63x_zstack_8.czi,26,23,17.591,3.863811126078011,0.219647042583026,kai,0.281399093816734,7,17,NA,NA,11,3.095390031984074,4.950805577692442
190815_EV38_2_Collagen_ITSwithAsc+Dexa_63x_zstack_8.czi,28,24,11.892,2.612042630397345,0.219647042583026,kai,0.281399093816734,10,16,NA,NA,7,1.9697936567171381,3.2715216265609732
190815_EV38_2_Collagen_ITSwithAsc+Dexa_63x_zstack_8.czi,18,25,13.8,3.031129187645759,0.219647042583026,kai,0.281399093816734,10,16,NA,NA,7,1.9697936567171381,3.6149455324030972
190815_EV38_2_Collagen_ITSwithAsc+Dexa_63x_zstack_8.czi,29,26,13.623,2.992251661108563,0.219647042583026,kai,0.281399093816734,7,15,NA,NA,9,2.532591844350606,3.9201519681612034
190815_EV38_2_Collagen_ITSwithAsc+Dexa_63x_zstack_9.czi,1,1,18.96,4.164507927374173,0.219647042583026,kai,0.281399093816734,4,14,NA,NA,11,3.095390031984074,5.188888679406093
190815_EV38_2_Collagen_ITSwithAsc+Dexa_63x_zstack_9.czi,2,2,8.667,1.9036809180670864,0.219647042583026,kai,0.281399093816734,8,21,NA,NA,14,3.9395873134342763,4.375425606496474
190815_EV38_2_Collagen_ITSwithAsc+Dexa_63x_zstack_9.czi,6,3,17.206,3.7792470146835453,0.219647042583026,kai,0.281399093816734,5,15,NA,NA,11,3.095390031984074,4.885094415474573
190815_EV38_2_Collagen_ITSwithAsc+Dexa_63x_zstack_9.czi,7,4,13.703,3.009823424515205,0.219647042583026,kai,0.281399093816734,7,19,NA,NA,13,3.658188219617542,4.737233168940389
190815_EV38_2_Collagen_ITSwithAsc+Dexa_63x_zstack_9.czi,4,5,6.566,1.4422024816001486,0.219647042583026,kai,0.281399093816734,13,21,NA,NA,9,2.532591844350606,2.9144415327820234
190815_EV38_2_Collagen_ITSwithAsc+Dexa_63x_zstack_9.czi,5,6,16.188,3.5556463253340245,0.219647042583026,kai,0.281399093816734,8,18,NA,NA,11,3.095390031984074,4.714240155207169
190815_EV38_2_Collagen_ITSwithAsc+Dexa_63x_zstack_9.czi,8,7,12.33,2.708248035048711,0.219647042583026,kai,0.281399093816734,10,21,NA,NA,12,3.376789125800808,4.328661712293049
190815_EV38_2_Collagen_ITSwithAsc+Dexa_63x_zstack_9.czi,9,8,9.25,2.0317351438929907,0.219647042583026,kai,0.281399093816734,12,20,NA,NA,9,2.532591844350606,3.246839870551222
190815_EV38_2_Collagen_ITSwithAsc+Dexa_63x_zstack_9.czi,12,9,12.851,2.8226841442344672,0.219647042583026,kai,0.281399093816734,10,17,NA,NA,8,2.251192750533872,3.6104590536618644
190815_EV38_2_Collagen_ITSwithAsc+Dexa_63x_zstack_9.czi,11,10,13.46,2.95644919316753,0.219647042583026,kai,0.281399093816734,8,18,NA,NA,11,3.095390031984074,4.280424194152643
190815_EV38_2_Collagen_ITSwithAsc+Dexa_63x_zstack_9.czi,10,11,13.851,3.0423311868174934,0.219647042583026,kai,0.281399093816734,7,17,NA,NA,11,3.095390031984074,4.340186459173005
190815_EV38_2_Collagen_ITSwithAsc+Dexa_63x_zstack_9.czi,17,12,19.359,4.252147097364801,0.219647042583026,kai,0.281399093816734,9,18,NA,NA,10,2.81399093816734,5.098950866375926
190815_EV38_2_Collagen_ITSwithAsc+Dexa_63x_zstack_9.czi,15,13,11.228,2.4661969941222157,0.219647042583026,kai,0.281399093816734,12,19,NA,NA,8,2.251192750533872,3.339161034432708
190815_EV38_2_Collagen_ITSwithAsc+Dexa_63x_zstack_9.czi,13,14,13.823,3.0361810696251683,0.219647042583026,kai,0.281399093816734,8,19,NA,NA,12,3.376789125800808,4.54104616665332
190815_EV38_2_Collagen_ITSwithAsc+Dexa_63x_zstack_9.czi,16,15,15.321,3.3652123394145415,0.219647042583026,kai,0.281399093816734,9,19,NA,NA,11,3.095390031984074,4.572318180032341
190815_EV38_2_Collagen_ITSwithAsc+Dexa_63x_zstack_9.czi,14,16,10.372,2.2781791256711457,0.219647042583026,kai,0.281399093816734,9,17,NA,NA,9,2.532591844350606,3.4064822880377568
190815_EV38_2_Collagen_ITSwithAsc+Dexa_63x_zstack_9.czi,23,17,18.364,4.03359828999469,0.219647042583026,kai,0.281399093816734,11,20,NA,NA,10,2.81399093816734,4.918176508131443
190815_EV38_2_Collagen_ITSwithAsc+Dexa_63x_zstack_9.czi,20,18,16.026,3.5200635044355746,0.219647042583026,kai,0.281399093816734,8,17,NA,NA,10,2.81399093816734,4.506594287857203
190815_EV38_2_Collagen_ITSwithAsc+Dexa_63x_zstack_9.czi,21,19,15.557,3.4170490414641357,0.219647042583026,kai,0.281399093816734,12,19,NA,NA,8,2.251192750533872,4.0919546615068
190815_EV38_2_Collagen_ITSwithAsc+Dexa_63x_zstack_9.czi,18,20,13.316,2.9248200190355744,0.219647042583026,kai,0.281399093816734,6,17,NA,NA,12,3.376789125800808,4.467356818508887
190815_EV38_2_Collagen_ITSwithAsc+Dexa_63x_zstack_9.czi,19,21,8.581,1.884791272404946,0.219647042583026,kai,0.281399093816734,10,20,NA,NA,11,3.095390031984074,3.624069203345905
190815_EV38_2_Collagen_ITSwithAsc+Dexa_63x_zstack_9.czi,22,22,13.578,2.9823675441923267,0.219647042583026,kai,0.281399093816734,10,18,NA,NA,9,2.532591844350606,3.9126126333593225
190815_EV38_2_Collagen_ITSwithAsc+Dexa_63x_zstack_9.czi,25,23,19.121,4.19987110123004,0.219647042583026,kai,0.281399093816734,11,21,NA,NA,11,3.095390031984074,5.217313170306494
190815_EV38_2_Collagen_ITSwithAsc+Dexa_63x_zstack_9.czi,3,24,15.655,3.438574451637272,0.219647042583026,kai,0.281399093816734,9,17,NA,NA,9,2.532591844350606,4.270575571222662
190815_EV38_2_Collagen_ITSwithAsc+Dexa_63x_zstack_10.czi,1,1,13.866,3.0456258924562385,0.219647042583026,nadja,0.281399093816734,1,13,NA,NA,13,3.658188219617542,4.760060727233259
190815_EV38_2_Collagen_ITSwithAsc+Dexa_63x_zstack_10.czi,2,2,10.77,2.36559864861919,0.219647042583026,nadja,0.281399093816734,6,13,NA,NA,8,2.251192750533872,3.265566683809289
190815_EV38_2_Collagen_ITSwithAsc+Dexa_63x_zstack_10.czi,3,3,10.057,2.208990307257493,0.219647042583026,nadja,0.281399093816734,5,15,NA,NA,11,3.095390031984074,3.802772360747343
190815_EV38_2_Collagen_ITSwithAsc+Dexa_63x_zstack_10.czi,28,4,10.739,2.3587895902991165,0.219647042583026,nadja,0.281399093816734,3,18,NA,NA,16,4.502385501067744,5.0828499418661295
190815_EV38_2_Collagen_ITSwithAsc+Dexa_63x_zstack_10.czi,4,5,16.117,3.54005138531063,0.219647042583026,nadja,0.281399093816734,2,14,NA,NA,13,3.658188219617542,5.090609478322637
190815_EV38_2_Collagen_ITSwithAsc+Dexa_63x_zstack_10.czi,5,6,14.667,3.2215631735652424,0.219647042583026,nadja,0.281399093816734,2,13,NA,NA,12,3.376789125800808,4.667030542154008
190815_EV38_2_Collagen_ITSwithAsc+Dexa_63x_zstack_10.czi,7,7,12.194,2.6783760372574195,0.219647042583026,nadja,0.281399093816734,4,18,NA,NA,15,4.22098640725101,4.999042353006478
190815_EV38_2_Collagen_ITSwithAsc+Dexa_63x_zstack_10.czi,11,8,9.9,2.1745057215719577,0.219647042583026,nadja,0.281399093816734,2,18,NA,NA,17,4.783784594884478,5.2548140008380155
190815_EV38_2_Collagen_ITSwithAsc+Dexa_63x_zstack_10.czi,8,9,17.378,3.817026306007826,0.219647042583026,nadja,0.281399093816734,3,14,NA,NA,12,3.376789125800808,5.096311864562679
190815_EV38_2_Collagen_ITSwithAsc+Dexa_63x_zstack_10.czi,12,10,18.463,4.0553433472104095,0.219647042583026,nadja,0.281399093816734,2,14,NA,NA,13,3.658188219617542,5.461515422839369
190815_EV38_2_Collagen_ITSwithAsc+Dexa_63x_zstack_10.czi,9,11,17.35,3.8108761888155014,0.219647042583026,nadja,0.281399093816734,4,18,NA,NA,15,4.22098640725101,5.686783236301411
190815_EV38_2_Collagen_ITSwithAsc+Dexa_63x_zstack_10.czi,13,12,15.502,3.404968454122069,0.219647042583026,nadja,0.281399093816734,3,13,NA,NA,11,3.095390031984074,4.6016572692534154
190815_EV38_2_Collagen_ITSwithAsc+Dexa_63x_zstack_10.czi,14,13,18.414,4.044580642123841,0.219647042583026,nadja,0.281399093816734,5,15,NA,NA,11,3.095390031984074,5.093139701672169
190815_EV38_2_Collagen_ITSwithAsc+Dexa_63x_zstack_10.czi,30,14,7.779,1.7086343442533594,0.219647042583026,nadja,0.281399093816734,9,20,NA,NA,12,3.376789125800808,3.784459819114043
190815_EV38_2_Collagen_ITSwithAsc+Dexa_63x_zstack_10.czi,15,15,16.735,3.67579325762694,0.219647042583026,nadja,0.281399093816734,3,16,NA,NA,14,3.9395873134342763,5.38811695056705
190815_EV38_2_Collagen_ITSwithAsc+Dexa_63x_zstack_10.czi,10,16,8.93,1.9614480902664222,0.219647042583026,nadja,0.281399093816734,7,19,NA,NA,13,3.658188219617542,4.150857701844084
190815_EV38_2_Collagen_ITSwithAsc+Dexa_63x_zstack_10.czi,17,17,12.408,2.7253805043701864,0.219647042583026,nadja,0.281399093816734,4,13,NA,NA,10,2.81399093816734,3.9174282244463647
190815_EV38_2_Collagen_ITSwithAsc+Dexa_63x_zstack_10.czi,21,18,18.521,4.068082875680225,0.219647042583026,nadja,0.281399093816734,3,16,NA,NA,14,3.9395873134342763,5.663006841208563
190815_EV38_2_Collagen_ITSwithAsc+Dexa_63x_zstack_10.czi,18,19,12.485,2.7422933266490794,0.219647042583026,nadja,0.281399093816734,2,14,NA,NA,13,3.658188219617542,4.571926698836349
190815_EV38_2_Collagen_ITSwithAsc+Dexa_63x_zstack_10.czi,22,20,15.133,3.323918695408932,0.219647042583026,nadja,0.281399093816734,6,17,NA,NA,12,3.376789125800808,4.738263425962681
190815_EV38_2_Collagen_ITSwithAsc+Dexa_63x_zstack_10.czi,23,21,16.431,3.6090205566817004,0.219647042583026,nadja,0.281399093816734,6,15,NA,NA,10,2.81399093816734,4.576415013811466
190815_EV38_2_Collagen_ITSwithAsc+Dexa_63x_zstack_10.czi,16,22,15.587,3.4236384527416264,0.219647042583026,nadja,0.281399093816734,5,17,NA,NA,13,3.658188219617542,5.010353411211592
190815_EV38_2_Collagen_ITSwithAsc+Dexa_63x_zstack_10.czi,19,23,12.094,2.656411332999116,0.219647042583026,nadja,0.281399093816734,7,17,NA,NA,11,3.095390031984074,4.078965631160982
190815_EV38_2_Collagen_ITSwithAsc+Dexa_63x_zstack_10.czi,20,24,14.765,3.243088583738379,0.219647042583026,nadja,0.281399093816734,1,14,NA,NA,14,3.9395873134342763,5.102741592727042
190815_EV38_2_Collagen_ITSwithAsc+Dexa_63x_zstack_10.czi,26,25,15.541,3.413534688782807,0.219647042583026,nadja,0.281399093816734,3,16,NA,NA,14,3.9395873134342763,5.212731267933907
190815_EV38_2_Collagen_ITSwithAsc+Dexa_63x_zstack_10.czi,27,26,15.019,3.2988789325544676,0.219647042583026,nadja,0.281399093816734,5,15,NA,NA,11,3.095390031984074,4.523719892053228
190815_EV38_2_Collagen_ITSwithAsc+Dexa_63x_zstack_10.czi,24,27,10.84,2.380973941600002,0.219647042583026,nadja,0.281399093816734,6,19,NA,NA,14,3.9395873134342763,4.603192925649603
190815_EV38_2_Collagen_ITSwithAsc+Dexa_63x_zstack_10.czi,25,28,11.545,2.535825106621035,0.219647042583026,nadja,0.281399093816734,7,17,NA,NA,11,3.095390031984074,4.0014807785963376
190815_EV38_2_Collagen_ITSwithAsc+Dexa_63x_zstack_10.czi,6,29,10.817,2.375922059620592,0.219647042583026,nadja,0.281399093816734,5,14,NA,NA,10,2.81399093816734,3.6828726061974586
190815_EV38_2_Collagen_ITSwithAsc+Dexa_63x_zstack_11.czi,3,1,12.801,2.811701792105316,0.219647042583026,nadja,0.281399093816734,7,14,NA,NA,8,2.251192750533872,3.601879477131974
190815_EV38_2_Collagen_ITSwithAsc+Dexa_63x_zstack_11.czi,2,2,16.726,3.6738164342436925,0.219647042583026,nadja,0.281399093816734,3,15,NA,NA,13,3.658188219617542,5.184521987866153
190815_EV38_2_Collagen_ITSwithAsc+Dexa_63x_zstack_11.czi,1,3,9.321,2.0473300839163855,0.219647042583026,nadja,0.281399093816734,7,20,NA,NA,14,3.9395873134342763,4.439809531126462
190815_EV38_2_Collagen_ITSwithAsc+Dexa_63x_zstack_11.czi,4,4,12.6,2.7675527365461274,0.219647042583026,nadja,0.281399093816734,8,19,NA,NA,12,3.376789125800808,4.366011102790572
190815_EV38_2_Collagen_ITSwithAsc+Dexa_63x_zstack_11.czi,5,5,7.173,1.5755282364480456,0.219647042583026,nadja,0.281399093816734,10,20,NA,NA,11,3.095390031984074,3.473287876630939
190815_EV38_2_Collagen_ITSwithAsc+Dexa_63x_zstack_11.czi,6,6,9.159,2.011747263017935,0.219647042583026,nadja,0.281399093816734,10,23,NA,NA,14,3.9395873134342763,4.423513903045005
190815_EV38_2_Collagen_ITSwithAsc+Dexa_63x_zstack_11.czi,7,7,14.615,3.2101415273509253,0.219647042583026,nadja,0.281399093816734,5,16,NA,NA,12,3.376789125800808,4.6591537242024454
190815_EV38_2_Collagen_ITSwithAsc+Dexa_63x_zstack_11.czi,8,8,10.625,2.333749827444651,0.219647042583026,nadja,0.281399093816734,9,16,NA,NA,8,2.251192750533872,3.2425695146217297
190815_EV38_2_Collagen_ITSwithAsc+Dexa_63x_zstack_11.czi,11,9,13.62,2.991592719980814,0.219647042583026,nadja,0.281399093816734,6,18,NA,NA,13,3.658188219617542,4.725671174805835
190815_EV38_2_Collagen_ITSwithAsc+Dexa_63x_zstack_11.czi,13,10,9.179,2.016140203869596,0.219647042583026,nadja,0.281399093816734,11,23,NA,NA,13,3.658188219617542,4.1769800540352
190815_EV38_2_Collagen_ITSwithAsc+Dexa_63x_zstack_11.czi,10,11,12.706,2.790835323059928,0.219647042583026,nadja,0.281399093816734,8,18,NA,NA,11,3.095390031984074,4.16775734065041
190815_EV38_2_Collagen_ITSwithAsc+Dexa_63x_zstack_11.czi,12,12,12.222,2.6845261544497436,0.219647042583026,nadja,0.281399093816734,11,22,NA,NA,12,3.376789125800808,4.313859695684517
190815_EV38_2_Collagen_ITSwithAsc+Dexa_63x_zstack_11.czi,14,13,12.089,2.6553130977862014,0.219647042583026,nadja,0.281399093816734,6,16,NA,NA,11,3.095390031984074,4.078250494682901
190815_EV38_2_Collagen_ITSwithAsc+Dexa_63x_zstack_11.czi,17,14,7.583,1.6655835239070862,0.219647042583026,nadja,0.281399093816734,13,26,NA,NA,14,3.9395873134342763,4.277208981951086
190815_EV38_2_Collagen_ITSwithAsc+Dexa_63x_zstack_11.czi,16,15,14.919,3.276914228296165,0.219647042583026,nadja,0.281399093816734,9,19,NA,NA,11,3.095390031984074,4.507727399667844
190815_EV38_2_Collagen_ITSwithAsc+Dexa_63x_zstack_11.czi,15,16,14.261,3.1323864742765335,0.219647042583026,nadja,0.281399093816734,7,19,NA,NA,13,3.658188219617542,4.81603426839751
190815_EV38_2_Collagen_ITSwithAsc+Dexa_63x_zstack_11.czi,18,17,9.247,2.0310762027652416,0.219647042583026,nadja,0.281399093816734,11,17,NA,NA,7,1.9697936567171381,2.8293740635487468
190815_EV38_2_Collagen_ITSwithAsc+Dexa_63x_zstack_11.czi,9,18,9.306,2.04403537827764,0.219647042583026,nadja,0.281399093816734,10,18,NA,NA,9,2.532591844350606,3.2545509794320044
190815_EV38_2_Collagen_ITSwithAsc+Dexa_63x_zstack_12.czi,2,1,8.963,1.968696442671662,0.219647042583026,nadja,0.281399093816734,8,16,NA,NA,9,2.532591844350606,3.2077698068064766
190815_EV38_2_Collagen_ITSwithAsc+Dexa_63x_zstack_12.czi,1,2,13.284,2.9177913136729177,0.219647042583026,nadja,0.281399093816734,8,14,NA,NA,7,1.9697936567171381,3.5204535503523133
190815_EV38_2_Collagen_ITSwithAsc+Dexa_63x_zstack_12.czi,3,3,15.174,3.3329242241548362,0.219647042583026,nadja,0.281399093816734,4,14,NA,NA,11,3.095390031984074,4.548606746473527
190815_EV38_2_Collagen_ITSwithAsc+Dexa_63x_zstack_12.czi,6,4,12.864,2.8255395557880467,0.219647042583026,nadja,0.281399093816734,9,20,NA,NA,12,3.376789125800808,4.402996545700383
190815_EV38_2_Collagen_ITSwithAsc+Dexa_63x_zstack_12.czi,5,5,18.262,4.011194291651221,0.219647042583026,nadja,0.281399093816734,6,15,NA,NA,10,2.81399093816734,4.8998188380248555
190815_EV38_2_Collagen_ITSwithAsc+Dexa_63x_zstack_12.czi,7,6,13.071,2.871006493602733,0.219647042583026,nadja,0.281399093816734,7,15,NA,NA,9,2.532591844350606,3.828406944981197
190815_EV38_2_Collagen_ITSwithAsc+Dexa_63x_zstack_12.czi,9,7,13.998,3.0746193020771977,0.219647042583026,nadja,0.281399093816734,9,17,NA,NA,9,2.532591844350606,3.9833786291007884
190815_EV38_2_Collagen_ITSwithAsc+Dexa_63x_zstack_12.czi,10,8,12.56,2.758766854842807,0.219647042583026,nadja,0.281399093816734,6,18,NA,NA,13,3.658188219617542,4.581826667337802
190815_EV38_2_Collagen_ITSwithAsc+Dexa_63x_zstack_12.czi,8,9,10.61,2.330455121805906,0.219647042583026,nadja,0.281399093816734,6,16,NA,NA,11,3.095390031984074,3.874591659111673
190815_EV38_2_Collagen_ITSwithAsc+Dexa_63x_zstack_12.czi,12,10,10.707,2.3517608849364597,0.219647042583026,nadja,0.281399093816734,7,16,NA,NA,10,2.81399093816734,3.667332035690936
190815_EV38_2_Collagen_ITSwithAsc+Dexa_63x_zstack_12.czi,13,11,11.314,2.485086639784356,0.219647042583026,nadja,0.281399093816734,9,16,NA,NA,8,2.251192750533872,3.3531365029313918
190815_EV38_2_Collagen_ITSwithAsc+Dexa_63x_zstack_12.czi,14,12,8.57,1.8823751549365328,0.219647042583026,nadja,0.281399093816734,12,21,NA,NA,10,2.81399093816734,3.3855400195552616
190815_EV38_2_Collagen_ITSwithAsc+Dexa_63x_zstack_12.czi,15,13,7.152,1.570915648553802,0.219647042583026,nadja,0.281399093816734,8,16,NA,NA,9,2.532591844350606,2.980234458048966
190815_EV38_2_Collagen_ITSwithAsc+Dexa_63x_zstack_12.czi,16,14,13.943,3.0625387147351315,0.219647042583026,nadja,0.281399093816734,10,17,NA,NA,8,2.251192750533872,3.800922543187084
190815_EV38_2_Collagen_ITSwithAsc+Dexa_63x_zstack_12.czi,17,15,18.677,4.102347814323177,0.219647042583026,nadja,0.281399093816734,9,18,NA,NA,10,2.81399093816734,4.9747163325932515
190815_EV38_2_Collagen_ITSwithAsc+Dexa_63x_zstack_12.czi,18,16,13.323,2.9263575483336557,0.219647042583026,nadja,0.281399093816734,7,14,NA,NA,8,2.251192750533872,3.6920776401296904
190815_EV38_2_Collagen_ITSwithAsc+Dexa_63x_zstack_12.czi,19,17,16.133,3.5435657379919583,0.219647042583026,nadja,0.281399093816734,9,18,NA,NA,10,2.81399093816734,4.52497548496767
190815_EV38_2_Collagen_ITSwithAsc+Dexa_63x_zstack_6.czi,29,1,13.022,2.8602437885161645,0.219647042583026,nadja,0.281399093816734,4,13,NA,NA,10,2.81399093816734,4.0124231493990274
190815_EV38_2_Collagen_ITSwithAsc+Dexa_63x_zstack_6.czi,1,2,11.907,2.6153373360360908,0.219647042583026,nadja,0.281399093816734,7,14,NA,NA,8,2.251192750533872,3.4507764606419546
190815_EV38_2_Collagen_ITSwithAsc+Dexa_63x_zstack_6.czi,3,3,12.104,2.6586078034249465,0.219647042583026,nadja,0.281399093816734,7,15,NA,NA,9,2.532591844350606,3.6718138436613614
190815_EV38_2_Collagen_ITSwithAsc+Dexa_63x_zstack_6.czi,2,4,19.791,4.3470346197606675,0.219647042583026,nadja,0.281399093816734,6,18,NA,NA,13,3.658188219617542,5.681465571095748
190815_EV38_2_Collagen_ITSwithAsc+Dexa_63x_zstack_6.czi,4,5,11.358,2.4947511096580093,0.219647042583026,nadja,0.281399093816734,6,22,NA,NA,17,4.783784594884478,5.395218081726996
190815_EV38_2_Collagen_ITSwithAsc+Dexa_63x_zstack_6.czi,5,6,18.588,4.082799227533288,0.219647042583026,nadja,0.281399093816734,13,23,NA,NA,11,3.095390031984074,5.123542620341201
190815_EV38_2_Collagen_ITSwithAsc+Dexa_63x_zstack_6.czi,6,7,14.261,3.1323864742765335,0.219647042583026,nadja,0.281399093816734,6,17,NA,NA,12,3.376789125800808,4.605925512245846
190815_EV38_2_Collagen_ITSwithAsc+Dexa_63x_zstack_6.czi,7,8,8.496,1.866121273785389,0.219647042583026,nadja,0.281399093816734,10,23,NA,NA,14,3.9395873134342763,4.35921515971014
190815_EV38_2_Collagen_ITSwithAsc+Dexa_63x_zstack_6.czi,8,9,12.349,2.712421328857788,0.219647042583026,nadja,0.281399093816734,6,18,NA,NA,13,3.658188219617542,4.554071861026263
190815_EV38_2_Collagen_ITSwithAsc+Dexa_63x_zstack_6.czi,9,10,13.877,3.048042009924652,0.219647042583026,nadja,0.281399093816734,6,17,NA,NA,12,3.376789125800808,4.548985040027292
190815_EV38_2_Collagen_ITSwithAsc+Dexa_63x_zstack_6.czi,10,11,14.82,3.2551691710804453,0.219647042583026,nadja,0.281399093816734,10,18,NA,NA,9,2.532591844350606,4.124336041403969
190815_EV38_2_Collagen_ITSwithAsc+Dexa_63x_zstack_6.czi,11,12,22.227,4.882094815492919,0.219647042583026,nadja,0.281399093816734,4,16,NA,NA,13,3.658188219617542,6.100589384445686
190815_EV38_2_Collagen_ITSwithAsc+Dexa_63x_zstack_6.czi,12,13,14.959,3.285700109999486,0.219647042583026,nadja,0.281399093816734,8,20,NA,NA,13,3.658188219617542,4.917129880631505
190815_EV38_2_Collagen_ITSwithAsc+Dexa_63x_zstack_6.czi,14,14,12.67,2.7829280295269396,0.219647042583026,nadja,0.281399093816734,11,20,NA,NA,10,2.81399093816734,3.9576803076568225
190815_EV38_2_Collagen_ITSwithAsc+Dexa_63x_zstack_6.czi,13,15,15.059,3.3076648142577882,0.219647042583026,nadja,0.281399093816734,7,17,NA,NA,11,3.095390031984074,4.530130900270474
190815_EV38_2_Collagen_ITSwithAsc+Dexa_63x_zstack_6.czi,15,16,13.539,2.973801309531589,0.219647042583026,nadja,0.281399093816734,7,16,NA,NA,10,2.81399093816734,4.094146947614326
190815_EV38_2_Collagen_ITSwithAsc+Dexa_63x_zstack_6.czi,17,17,15.525,3.410020336101479,0.219647042583026,nadja,0.281399093816734,8,18,NA,NA,11,3.095390031984074,4.605396632509735
190815_EV38_2_Collagen_ITSwithAsc+Dexa_63x_zstack_6.czi,18,18,20.945,4.60050730690148,0.219647042583026,nadja,0.281399093816734,9,19,NA,NA,11,3.095390031984074,5.544917215879807
190815_EV38_2_Collagen_ITSwithAsc+Dexa_63x_zstack_6.czi,30,19,19.063,4.187131572760224,0.219647042583026,nadja,0.281399093816734,4,17,NA,NA,14,3.9395873134342763,5.74912332514948
190815_EV38_2_Collagen_ITSwithAsc+Dexa_63x_zstack_6.czi,16,20,13.924,3.058365420926054,0.219647042583026,nadja,0.281399093816734,8,18,NA,NA,11,3.095390031984074,4.351440968003883
190815_EV38_2_Collagen_ITSwithAsc+Dexa_63x_zstack_6.czi,24,21,15.347,3.3709231625217,0.219647042583026,nadja,0.281399093816734,8,19,NA,NA,12,3.376789125800808,4.771354919491096
190815_EV38_2_Collagen_ITSwithAsc+Dexa_63x_zstack_6.czi,19,22,10.25,2.2513821864760164,0.219647042583026,nadja,0.281399093816734,8,19,NA,NA,12,3.376789125800808,4.058500529716377
190815_EV38_2_Collagen_ITSwithAsc+Dexa_63x_zstack_6.czi,22,23,12.684,2.7860030881231017,0.219647042583026,nadja,0.281399093816734,8,18,NA,NA,11,3.095390031984074,4.16452310080492
190815_EV38_2_Collagen_ITSwithAsc+Dexa_63x_zstack_6.czi,23,24,16.297,3.5795878529755747,0.219647042583026,nadja,0.281399093816734,11,21,NA,NA,11,3.095390031984074,4.732323810484301
190815_EV38_2_Collagen_ITSwithAsc+Dexa_63x_zstack_6.czi,21,25,16.913,3.714890431206719,0.219647042583026,nadja,0.281399093816734,8,18,NA,NA,11,3.095390031984074,4.835478297539718
190815_EV38_2_Collagen_ITSwithAsc+Dexa_63x_zstack_6.czi,28,26,7.021,1.5421418859754255,0.219647042583026,nadja,0.281399093816734,13,25,NA,NA,13,3.658188219617542,3.9699549930230194
190815_EV38_2_Collagen_ITSwithAsc+Dexa_63x_zstack_6.czi,26,27,11.125,2.443573348736164,0.219647042583026,nadja,0.281399093816734,8,22,NA,NA,15,4.22098640725101,4.8772714667989785
190815_EV38_2_Collagen_ITSwithAsc+Dexa_63x_zstack_6.czi,25,28,15.484,3.401014807355575,0.219647042583026,nadja,0.281399093816734,8,18,NA,NA,11,3.095390031984074,4.5987325612562255
190815_EV38_2_Collagen_ITSwithAsc+Dexa_63x_zstack_6.czi,27,29,13.365,2.9355827241221424,0.219647042583026,nadja,0.281399093816734,11,21,NA,NA,11,3.095390031984074,4.266038605107875
190815_EV38_2_Collagen_ITSwithAsc+Dexa_63x_zstack_6.czi,20,30,6.666,1.4641671858584515,0.219647042583026,nadja,0.281399093816734,10,14,NA,NA,5,1.40699546908367,2.0306210375564007
190815_EV38_2_Collagen_ITSwithAsc+Dexa_63x_zstack_7.czi,3,1,16.507,3.6257137319180104,0.219647042583026,nadja,0.281399093816734,5,17,NA,NA,13,3.658188219617542,5.1505476520431674
190815_EV38_2_Collagen_ITSwithAsc+Dexa_63x_zstack_7.czi,1,2,17.098,3.7555251340845786,0.219647042583026,nadja,0.281399093816734,8,17,NA,NA,10,2.81399093816734,4.692815150080908
190815_EV38_2_Collagen_ITSwithAsc+Dexa_63x_zstack_7.czi,2,3,16.319,3.584420087912401,0.219647042583026,nadja,0.281399093816734,8,18,NA,NA,11,3.095390031984074,4.735980027062648
190815_EV38_2_Collagen_ITSwithAsc+Dexa_63x_zstack_7.czi,4,4,16.206,3.559599972100519,0.219647042583026,nadja,0.281399093816734,9,18,NA,NA,10,2.81399093816734,4.537543053400808
190815_EV38_2_Collagen_ITSwithAsc+Dexa_63x_zstack_7.czi,30,5,14.076,3.091751771398674,0.219647042583026,nadja,0.281399093816734,6,16,NA,NA,11,3.095390031984074,4.374970681736417
190815_EV38_2_Collagen_ITSwithAsc+Dexa_63x_zstack_7.czi,6,6,13.946,3.0631976558628806,0.219647042583026,nadja,0.281399093816734,10,18,NA,NA,9,2.532591844350606,3.974569326223289
190815_EV38_2_Collagen_ITSwithAsc+Dexa_63x_zstack_7.czi,10,7,16.325,3.5857379701678993,0.219647042583026,nadja,0.281399093816734,6,18,NA,NA,13,3.658188219617542,5.12248551397194
190815_EV38_2_Collagen_ITSwithAsc+Dexa_63x_zstack_7.czi,11,8,12.865,2.8257592028306298,0.219647042583026,nadja,0.281399093816734,10,17,NA,NA,8,2.251192750533872,3.6128636664615863
190815_EV38_2_Collagen_ITSwithAsc+Dexa_63x_zstack_7.czi,7,9,22.768,5.0009238655303365,0.219647042583026,nadja,0.281399093816734,6,18,NA,NA,13,3.658188219617542,6.1960939759641676
190815_EV38_2_Collagen_ITSwithAsc+Dexa_63x_zstack_7.czi,8,10,13.127,2.8833067279873825,0.219647042583026,nadja,0.281399093816734,8,17,NA,NA,10,2.81399093816734,4.028895963877103
190815_EV38_2_Collagen_ITSwithAsc+Dexa_63x_zstack_7.czi,12,11,15.311,3.363015868988711,0.219647042583026,nadja,0.281399093816734,9,18,NA,NA,10,2.81399093816734,4.385022318661309
190815_EV38_2_Collagen_ITSwithAsc+Dexa_63x_zstack_7.czi,9,12,13.652,2.9986214253434706,0.219647042583026,nadja,0.281399093816734,9,19,NA,NA,11,3.095390031984074,4.309660068106912
190815_EV38_2_Collagen_ITSwithAsc+Dexa_63x_zstack_7.czi,13,13,13.031,2.862220611899412,0.219647042583026,nadja,0.281399093816734,9,19,NA,NA,11,3.095390031984074,4.215892109777978
190815_EV38_2_Collagen_ITSwithAsc+Dexa_63x_zstack_7.czi,17,14,14.836,3.258683523761774,0.219647042583026,nadja,0.281399093816734,9,18,NA,NA,10,2.81399093816734,4.305527065078602
190815_EV38_2_Collagen_ITSwithAsc+Dexa_63x_zstack_7.czi,16,15,13.072,2.871226140645316,0.219647042583026,nadja,0.281399093816734,10,19,NA,NA,10,2.81399093816734,4.020259264128733
190815_EV38_2_Collagen_ITSwithAsc+Dexa_63x_zstack_7.czi,15,16,8.544,1.8766643318293743,0.219647042583026,nadja,0.281399093816734,10,21,NA,NA,12,3.376789125800808,3.8632335956407267
190815_EV38_2_Collagen_ITSwithAsc+Dexa_63x_zstack_7.czi,19,17,13.595,2.986101543916239,0.219647042583026,nadja,0.281399093816734,5,18,NA,NA,14,3.9395873134342763,4.943394646470302
190815_EV38_2_Collagen_ITSwithAsc+Dexa_63x_zstack_7.czi,20,18,16.277,3.5751949121239144,0.219647042583026,nadja,0.281399093816734,7,17,NA,NA,11,3.095390031984074,4.72900180902726
190815_EV38_2_Collagen_ITSwithAsc+Dexa_63x_zstack_7.czi,21,19,17.293,3.7983563073882687,0.219647042583026,nadja,0.281399093816734,8,18,NA,NA,11,3.095390031984074,4.899892864949458
190815_EV38_2_Collagen_ITSwithAsc+Dexa_63x_zstack_7.czi,22,20,12.709,2.791494264187677,0.219647042583026,nadja,0.281399093816734,7,18,NA,NA,12,3.376789125800808,4.3812264295650465
190815_EV38_2_Collagen_ITSwithAsc+Dexa_63x_zstack_7.czi,23,21,16.185,3.5549873842062754,0.219647042583026,nadja,0.281399093816734,10,20,NA,NA,11,3.095390031984074,4.713743178406323
190815_EV38_2_Collagen_ITSwithAsc+Dexa_63x_zstack_7.czi,24,22,11.108,2.439839349012253,0.219647042583026,nadja,0.281399093816734,9,19,NA,NA,11,3.095390031984074,3.941351988733676
190815_EV38_2_Collagen_ITSwithAsc+Dexa_63x_zstack_7.czi,25,23,12.649,2.778315441632696,0.219647042583026,nadja,0.281399093816734,12,17,NA,NA,6,1.688394562900404,3.251109486505542
190815_EV38_2_Collagen_ITSwithAsc+Dexa_63x_zstack_7.czi,27,24,14.623,3.211898703691589,0.219647042583026,nadja,0.281399093816734,11,19,NA,NA,9,2.532591844350606,4.0902707407758365
190815_EV38_2_Collagen_ITSwithAsc+Dexa_63x_zstack_7.czi,26,25,13.549,2.975997779957419,0.219647042583026,nadja,0.281399093816734,11,21,NA,NA,11,3.095390031984074,4.293949491600694
190815_EV38_2_Collagen_ITSwithAsc+Dexa_63x_zstack_7.czi,29,26,19.154,4.20711945363528,0.219647042583026,nadja,0.281399093816734,11,20,NA,NA,10,2.81399093816734,5.061462150134517
190815_EV38_2_Collagen_ITSwithAsc+Dexa_63x_zstack_7.czi,28,27,8.672,1.9047791532800016,0.219647042583026,nadja,0.281399093816734,12,22,NA,NA,11,3.095390031984074,3.6345045154568796
190815_EV38_2_Collagen_ITSwithAsc+Dexa_63x_zstack_7.czi,5,28,9.775,2.1470498412490793,0.219647042583026,nadja,0.281399093816734,8,17,NA,NA,10,2.81399093816734,3.53954347633923
190815_EV38_2_Collagen_ITSwithAsc+Dexa_63x_zstack_7.czi,14,29,10.44,2.2931151245667913,0.219647042583026,nadja,0.281399093816734,10,18,NA,NA,9,2.532591844350606,3.416489195737076
190815_EV38_2_Collagen_ITSwithAsc+Dexa_63x_zstack_7.czi,18,30,6.597,1.4490115399202226,0.219647042583026,nadja,0.281399093816734,12,20,NA,NA,9,2.532591844350606,2.9178169738510293
190815_EV38_2_Collagen_ITSwithAsc+Dexa_63x_zstack_8.czi,3,1,12.042,2.644989686784799,0.219647042583026,nadja,0.281399093816734,9,15,NA,NA,7,1.9697936567171381,3.297886822382027
190815_EV38_2_Collagen_ITSwithAsc+Dexa_63x_zstack_8.czi,2,2,16.803,3.690729256522586,0.219647042583026,nadja,0.281399093816734,4,14,NA,NA,11,3.095390031984074,4.816941134688915
190815_EV38_2_Collagen_ITSwithAsc+Dexa_63x_zstack_8.czi,4,3,14.786,3.2477011716326225,0.219647042583026,nadja,0.281399093816734,6,16,NA,NA,11,3.095390031984074,4.486535673582711
190815_EV38_2_Collagen_ITSwithAsc+Dexa_63x_zstack_8.czi,5,4,8.832,1.9399226800932858,0.219647042583026,nadja,0.281399093816734,10,21,NA,NA,12,3.376789125800808,3.8943555057116837
190815_EV38_2_Collagen_ITSwithAsc+Dexa_63x_zstack_8.czi,12,5,17.814,3.912792416574025,0.219647042583026,nadja,0.281399093816734,6,16,NA,NA,11,3.095390031984074,4.989126571385573
190815_EV38_2_Collagen_ITSwithAsc+Dexa_63x_zstack_8.czi,6,6,16.538,3.632522790238084,0.219647042583026,nadja,0.281399093816734,4,15,NA,NA,12,3.376789125800808,4.959629685946892
190815_EV38_2_Collagen_ITSwithAsc+Dexa_63x_zstack_8.czi,13,7,12.8,2.811482145062733,0.219647042583026,nadja,0.281399093816734,6,16,NA,NA,11,3.095390031984074,4.181611089294761
190815_EV38_2_Collagen_ITSwithAsc+Dexa_63x_zstack_8.czi,8,8,15.569,3.419684805975132,0.219647042583026,nadja,0.281399093816734,8,17,NA,NA,10,2.81399093816734,4.428632878474471
190815_EV38_2_Collagen_ITSwithAsc+Dexa_63x_zstack_8.czi,7,9,12.369,2.7168142697094484,0.219647042583026,nadja,0.281399093816734,6,15,NA,NA,10,2.81399093816734,3.911473478905972
190815_EV38_2_Collagen_ITSwithAsc+Dexa_63x_zstack_8.czi,9,10,17.625,3.871279125525833,0.219647042583026,nadja,0.281399093816734,7,16,NA,NA,10,2.81399093816734,4.785953099208136
190815_EV38_2_Collagen_ITSwithAsc+Dexa_63x_zstack_8.czi,11,11,16.2,3.558282089845021,0.219647042583026,nadja,0.281399093816734,8,17,NA,NA,10,2.81399093816734,4.5365092781785155
190815_EV38_2_Collagen_ITSwithAsc+Dexa_63x_zstack_8.czi,10,12,13.193,2.897803432797862,0.219647042583026,nadja,0.281399093816734,7,16,NA,NA,10,2.81399093816734,4.039283319503967
190815_EV38_2_Collagen_ITSwithAsc+Dexa_63x_zstack_8.czi,14,13,14.077,3.0919714184412572,0.219647042583026,nadja,0.281399093816734,9,17,NA,NA,9,2.532591844350606,3.996787297634044
190815_EV38_2_Collagen_ITSwithAsc+Dexa_63x_zstack_8.czi,16,14,18.673,4.101469226152844,0.219647042583026,nadja,0.281399093816734,6,16,NA,NA,11,3.095390031984074,5.138432568710537
190815_EV38_2_Collagen_ITSwithAsc+Dexa_63x_zstack_8.czi,15,15,13.554,2.9770960151703343,0.219647042583026,nadja,0.281399093816734,6,15,NA,NA,10,2.81399093816734,4.096540697177435
190815_EV38_2_Collagen_ITSwithAsc+Dexa_63x_zstack_8.czi,20,16,8.635,1.8966522127044294,0.219647042583026,nadja,0.281399093816734,8,16,NA,NA,9,2.532591844350606,3.164065591296712
190815_EV38_2_Collagen_ITSwithAsc+Dexa_63x_zstack_8.czi,17,17,8.053,1.7688176339211086,0.219647042583026,nadja,0.281399093816734,9,20,NA,NA,12,3.376789125800808,3.812010050117504
190815_EV38_2_Collagen_ITSwithAsc+Dexa_63x_zstack_8.czi,21,18,14.262,3.132606121319117,0.219647042583026,nadja,0.281399093816734,6,17,NA,NA,12,3.376789125800808,4.606074892080304
190815_EV38_2_Collagen_ITSwithAsc+Dexa_63x_zstack_8.czi,22,19,8.078,1.7743088099856839,0.219647042583026,nadja,0.281399093816734,11,20,NA,NA,10,2.81399093816734,3.326667514688043
190815_EV38_2_Collagen_ITSwithAsc+Dexa_63x_zstack_8.czi,24,20,12.397,2.7229643869017734,0.219647042583026,nadja,0.281399093816734,9,19,NA,NA,11,3.095390031984074,4.122617433432517
190815_EV38_2_Collagen_ITSwithAsc+Dexa_63x_zstack_8.czi,25,21,15.328,3.3667498687126223,0.219647042583026,nadja,0.281399093816734,10,16,NA,NA,7,1.9697936567171381,3.9006527310848287
190815_EV38_2_Collagen_ITSwithAsc+Dexa_63x_zstack_8.czi,23,22,23.331,5.124585150504579,0.219647042583026,nadja,0.281399093816734,5,17,NA,NA,13,3.658188219617542,6.296325437500877
190815_EV38_2_Collagen_ITSwithAsc+Dexa_63x_zstack_8.czi,26,23,18.471,4.057100523551074,0.219647042583026,nadja,0.281399093816734,7,18,NA,NA,12,3.376789125800808,5.278519627539996
190815_EV38_2_Collagen_ITSwithAsc+Dexa_63x_zstack_8.czi,28,24,12.386,2.72054826943336,0.219647042583026,nadja,0.281399093816734,9,16,NA,NA,8,2.251192750533872,3.5311827602622197
190815_EV38_2_Collagen_ITSwithAsc+Dexa_63x_zstack_8.czi,18,25,15.679,3.443845980659265,0.219647042583026,nadja,0.281399093816734,10,17,NA,NA,8,2.251192750533872,4.1143582657030775
190815_EV38_2_Collagen_ITSwithAsc+Dexa_63x_zstack_8.czi,29,26,7.596,1.6684389354606655,0.219647042583026,nadja,0.281399093816734,9,15,NA,NA,7,1.9697936567171381,2.5814289708229805
190815_EV38_2_Collagen_ITSwithAsc+Dexa_63x_zstack_9.czi,1,1,19.609,4.307058858010557,0.219647042583026,nadja,0.281399093816734,3,14,NA,NA,12,3.376789125800808,5.472975498437188
190815_EV38_2_Collagen_ITSwithAsc+Dexa_63x_zstack_9.czi,2,2,10.468,2.2992652417591164,0.219647042583026,nadja,0.281399093816734,7,21,NA,NA,15,4.22098640725101,4.806594106241903
190815_EV38_2_Collagen_ITSwithAsc+Dexa_63x_zstack_9.czi,6,3,17.69,3.88555618329373,0.219647042583026,nadja,0.281399093816734,4,15,NA,NA,12,3.376789125800808,5.147839513199564
190815_EV38_2_Collagen_ITSwithAsc+Dexa_63x_zstack_9.czi,7,4,15.296,3.3597211633499655,0.219647042583026,nadja,0.281399093816734,7,20,NA,NA,14,3.9395873134342763,5.177651445938974
190815_EV38_2_Collagen_ITSwithAsc+Dexa_63x_zstack_9.czi,4,5,7.604,1.6701961118013298,0.219647042583026,nadja,0.281399093816734,12,21,NA,NA,10,2.81399093816734,3.272323341597555
190815_EV38_2_Collagen_ITSwithAsc+Dexa_63x_zstack_9.czi,5,6,16.5,3.624176202619929,0.219647042583026,nadja,0.281399093816734,8,19,NA,NA,12,3.376789125800808,4.953519753444332
190815_EV38_2_Collagen_ITSwithAsc+Dexa_63x_zstack_9.czi,8,7,13.113,2.88023166939122,0.219647042583026,nadja,0.281399093816734,9,22,NA,NA,14,3.9395873134342763,4.880172401620299
190815_EV38_2_Collagen_ITSwithAsc+Dexa_63x_zstack_9.czi,9,8,9.527,2.0925773746884886,0.219647042583026,nadja,0.281399093816734,11,20,NA,NA,10,2.81399093816734,3.5067684652891002
190815_EV38_2_Collagen_ITSwithAsc+Dexa_63x_zstack_9.czi,12,9,14.125,3.102514476485242,0.219647042583026,nadja,0.281399093816734,9,18,NA,NA,10,2.81399093816734,4.188572677761292
190815_EV38_2_Collagen_ITSwithAsc+Dexa_63x_zstack_9.czi,11,10,14.483,3.1811481177299656,0.219647042583026,nadja,0.281399093816734,8,19,NA,NA,12,3.376789125800808,4.639224951116672
190815_EV38_2_Collagen_ITSwithAsc+Dexa_63x_zstack_9.czi,10,11,14.526,3.190592940561036,0.219647042583026,nadja,0.281399093816734,7,18,NA,NA,12,3.376789125800808,4.6457064169493645
190815_EV38_2_Collagen_ITSwithAsc+Dexa_63x_zstack_9.czi,17,12,19.829,4.355381207378823,0.219647042583026,nadja,0.281399093816734,9,18,NA,NA,10,2.81399093816734,5.185353455809596
190815_EV38_2_Collagen_ITSwithAsc+Dexa_63x_zstack_9.czi,15,13,12.491,2.7436112089045777,0.219647042583026,nadja,0.281399093816734,12,19,NA,NA,8,2.251192750533872,3.548981722365318
190815_EV38_2_Collagen_ITSwithAsc+Dexa_63x_zstack_9.czi,13,14,16.09,3.5341209151608886,0.219647042583026,nadja,0.281399093816734,8,15,NA,NA,8,2.251192750533872,4.190212338657063
190815_EV38_2_Collagen_ITSwithAsc+Dexa_63x_zstack_9.czi,16,15,16.57,3.639551495600741,0.219647042583026,nadja,0.281399093816734,9,20,NA,NA,12,3.376789125800808,4.964779943688962
190815_EV38_2_Collagen_ITSwithAsc+Dexa_63x_zstack_9.czi,14,16,10.192,2.238642658006201,0.219647042583026,nadja,0.281399093816734,9,17,NA,NA,9,2.532591844350606,3.380168989905131
190815_EV38_2_Collagen_ITSwithAsc+Dexa_63x_zstack_9.czi,23,17,19.171,4.210853453359191,0.219647042583026,nadja,0.281399093816734,11,22,NA,NA,12,3.376789125800808,5.397591278134499
190815_EV38_2_Collagen_ITSwithAsc+Dexa_63x_zstack_9.czi,20,18,16.945,3.7219191365693756,0.219647042583026,nadja,0.281399093816734,8,18,NA,NA,11,3.095390031984074,4.840880241161487
190815_EV38_2_Collagen_ITSwithAsc+Dexa_63x_zstack_9.czi,21,19,16.164,3.5503747963120325,0.219647042583026,nadja,0.281399093816734,12,20,NA,NA,9,2.532591844350606,4.361098788649359
190815_EV38_2_Collagen_ITSwithAsc+Dexa_63x_zstack_9.czi,18,20,14.336,3.148860002470261,0.219647042583026,nadja,0.281399093816734,6,18,NA,NA,13,3.658188219617542,4.826765000008347
190815_EV38_2_Collagen_ITSwithAsc+Dexa_63x_zstack_9.czi,19,21,9.863,2.1663787809963853,0.219647042583026,nadja,0.281399093816734,10,21,NA,NA,12,3.376789125800808,4.011969818291006
190815_EV38_2_Collagen_ITSwithAsc+Dexa_63x_zstack_9.czi,22,22,15.232,3.345663752624652,0.219647042583026,nadja,0.281399093816734,10,20,NA,NA,11,3.095390031984074,4.557949692102013
190815_EV38_2_Collagen_ITSwithAsc+Dexa_63x_zstack_9.czi,25,23,20.003,4.393599792788269,0.219647042583026,nadja,0.281399093816734,10,22,NA,NA,13,3.658188219617542,5.717172394579132
190815_EV38_2_Collagen_ITSwithAsc+Dexa_63x_zstack_9.czi,3,24,14.336,3.148860002470261,0.219647042583026,nadja,0.281399093816734,9,17,NA,NA,9,2.532591844350606,4.040957901937141
