"fileName","cilium","vertical_length_in_um","vertical_length_in_layers","horizontal_length_in_um","horizontal_length_in_pixels","total_length_in_um","to_be_removed"
"210301_EV38_1_Collagen_ITSwithAsc+Dexa+IGF+TGF_100x_z-stack_5_1024x1024.czi",1,1.686,6,1.68732121939337,12.1935975933678,2.38529849230974,"yes_or_no"
"210301_EV38_1_Collagen_ITSwithAsc+Dexa+IGF+TGF_100x_z-stack_5_1024x1024.czi",2,1.405,5,0.767704537086944,5.54789454921122,1.60106066601609,"yes_or_no"
"210301_EV38_1_Collagen_ITSwithAsc+Dexa+IGF+TGF_100x_z-stack_5_1024x1024.czi",3,1.967,7,2.16007531132044,15.6100028938649,2.92147468764939,"yes_or_no"
"210301_EV38_1_Collagen_ITSwithAsc+Dexa+IGF+TGF_100x_z-stack_5_1024x1024.czi",4,1.124,4,0.584665477320471,4.2251442554271,1.26696871325632,"yes_or_no"
"210301_EV38_1_Collagen_ITSwithAsc+Dexa+IGF+TGF_100x_z-stack_5_1024x1024.czi",5,1.967,7,1.49349447841802,10.7928890293298,2.46973981566179,"yes_or_no"
"210301_EV38_1_Collagen_ITSwithAsc+Dexa+IGF+TGF_100x_z-stack_5_1024x1024.czi",6,1.967,7,1.86005922237546,13.4419062575609,2.70719583900833,"yes_or_no"
"210301_EV38_1_Collagen_ITSwithAsc+Dexa+IGF+TGF_100x_z-stack_5_1024x1024.czi",7,2.248,8,1.44917721087094,10.4726258093242,2.67462494352156,"yes_or_no"
"210301_EV38_1_Collagen_ITSwithAsc+Dexa+IGF+TGF_100x_z-stack_5_1024x1024.czi",8,1.686,6,1.8502284844154,13.3708634345625,2.50318625845983,"yes_or_no"
"210301_EV38_1_Collagen_ITSwithAsc+Dexa+IGF+TGF_100x_z-stack_5_1024x1024.czi",9,1.405,5,0.710797147514531,5.13664753793705,1.57456584013333,"yes_or_no"
"210301_EV38_1_Collagen_ITSwithAsc+Dexa+IGF+TGF_100x_z-stack_5_1024x1024.czi",10,1.405,5,0.736587599763767,5.32302485179031,1.58637520534259,"yes_or_no"
"210301_EV38_1_Collagen_ITSwithAsc+Dexa+IGF+TGF_100x_z-stack_5_1024x1024.czi",11,1.967,7,1.53108654547264,11.064551907209,2.49265220392404,"yes_or_no"
"210301_EV38_1_Collagen_ITSwithAsc+Dexa+IGF+TGF_100x_z-stack_5_1024x1024.czi",12,1.686,6,1.04432235590524,7.54690121792251,1.98323099588612,"yes_or_no"
"210301_EV38_1_Collagen_ITSwithAsc+Dexa+IGF+TGF_100x_z-stack_5_1024x1024.czi",13,1.967,7,2.23217686949164,16.1310521025689,2.97518109981451,"yes_or_no"
"210301_EV38_1_Collagen_ITSwithAsc+Dexa+IGF+TGF_63x_z-stack_1_1024x1024.czi",1,1.7192168417466,4,1.38832200437623,6.32069518464582,2.20978382127764,"yes_or_no"
"210301_EV38_1_Collagen_ITSwithAsc+Dexa+IGF+TGF_63x_z-stack_1_1024x1024.czi",2,2.14902105218325,5,2.4815119372358,11.2977252416125,3.28271122357276,"yes_or_no"
"210301_EV38_1_Collagen_ITSwithAsc+Dexa+IGF+TGF_63x_z-stack_1_1024x1024.czi",3,1.7192168417466,4,1.40482683985394,6.39583771915764,2.22019030691497,"yes_or_no"
"210301_EV38_1_Collagen_ITSwithAsc+Dexa+IGF+TGF_63x_z-stack_1_1024x1024.czi",4,1.7192168417466,4,1.35682916139341,6.17731586748104,2.19013513787454,"yes_or_no"
"210301_EV38_1_Collagen_ITSwithAsc+Dexa+IGF+TGF_63x_z-stack_1_1024x1024.czi",5,1.7192168417466,4,2.03348446939971,9.25796425704686,2.66284915761952,"yes_or_no"
"210301_EV38_1_Collagen_ITSwithAsc+Dexa+IGF+TGF_63x_z-stack_1_1024x1024.czi",6,1.7192168417466,4,0.658941127749079,3,1.84117081195211,"yes_or_no"
"210301_EV38_1_Collagen_ITSwithAsc+Dexa+IGF+TGF_63x_z-stack_1_1024x1024.czi",7,1.7192168417466,4,1.53805799548386,7.00240703173808,2.3068005866171,"yes_or_no"
"210301_EV38_1_Collagen_ITSwithAsc+Dexa+IGF+TGF_63x_z-stack_1_1024x1024.czi",8,1.7192168417466,4,1.58802663179349,7.22990217905265,2.34041345326644,"yes_or_no"
"210301_EV38_1_Collagen_ITSwithAsc+Dexa+IGF+TGF_63x_z-stack_1_1024x1024.czi",9,2.14902105218325,5,1.56925303431274,7.14443051842849,2.66098601432374,"yes_or_no"
"210301_EV38_1_Collagen_ITSwithAsc+Dexa+IGF+TGF_63x_z-stack_1_1024x1024.czi",10,1.7192168417466,4,0.878588170332105,4,1.93070549851413,"yes_or_no"
"210301_EV38_1_Collagen_ITSwithAsc+Dexa+IGF+TGF_63x_z-stack_1_1024x1024.czi",11,1.7192168417466,4,1.10477452589506,5.02977191453629,2.043583446305,"yes_or_no"
"210301_EV38_1_Collagen_ITSwithAsc+Dexa+IGF+TGF_63x_z-stack_1_1024x1024.czi",12,2.14902105218325,5,2.43288239447412,11.0763266641958,3.24610662610903,"yes_or_no"
"210301_EV38_1_Collagen_ITSwithAsc+Dexa+IGF+TGF_63x_z-stack_1_1024x1024.czi",13,1.7192168417466,4,1.40195246727263,6.38275139417228,2.21837266243455,"yes_or_no"
"210301_EV38_1_Collagen_ITSwithAsc+Dexa+IGF+TGF_63x_z-stack_1_1024x1024.czi",14,2.14902105218325,5,2.19512345534667,9.99386756831437,3.07194701564658,"yes_or_no"
"210301_EV38_1_Collagen_ITSwithAsc+Dexa+IGF+TGF_63x_z-stack_1_1024x1024.czi",15,1.28941263130995,3,0.658941127749079,3,1.44802912388559,"yes_or_no"
"210301_EV38_1_Collagen_ITSwithAsc+Dexa+IGF+TGF_63x_z-stack_1_1024x1024.czi",16,1.7192168417466,4,1.1334069674425,5.16012851397291,2.05920322037247,"yes_or_no"
"210301_EV38_1_Collagen_ITSwithAsc+Dexa+IGF+TGF_63x_z-stack_1_2048x2048.czi",1,0.429804210436651,1,1.51343260895498,13.7805871743791,1.57327998816401,"yes_or_no"
"210301_EV38_1_Collagen_ITSwithAsc+Dexa+IGF+TGF_63x_z-stack_1_2048x2048.czi",2,0.429804210436651,1,0.658941127749079,6,0.786724265005409,"yes_or_no"
"210301_EV38_1_Collagen_ITSwithAsc+Dexa+IGF+TGF_63x_z-stack_1_2048x2048.czi",3,0.859608420873302,2,1.46111303717443,13.3041903955718,1.69522209301241,"yes_or_no"
"210301_EV38_1_Collagen_ITSwithAsc+Dexa+IGF+TGF_63x_z-stack_1_2048x2048.czi",4,0.859608420873302,2,2.68888878087866,24.4837239714918,2.82295049782518,"yes_or_no"
"210301_EV38_1_Collagen_ITSwithAsc+Dexa+IGF+TGF_63x_z-stack_1_2048x2048.czi",5,0.429804210436651,1,1.89295981078478,17.2363787695365,1.94114103159853,"yes_or_no"
"210301_EV38_1_Collagen_ITSwithAsc+Dexa+IGF+TGF_63x_z-stack_1_2048x2048.czi",6,0.429804210436651,1,2.01854143987585,18.3798644965852,2.06379291688996,"yes_or_no"
"210301_EV38_1_Collagen_ITSwithAsc+Dexa+IGF+TGF_63x_z-stack_1_2048x2048.czi",7,0.429804210436651,1,1.89318341297844,17.238414783234,1.94135908437511,"yes_or_no"
"210301_EV38_1_Collagen_ITSwithAsc+Dexa+IGF+TGF_63x_z-stack_1_2048x2048.czi",8,0.429804210436651,1,1.7573750991623,16.0018097989916,1.80917077647877,"yes_or_no"
"210301_EV38_1_Collagen_ITSwithAsc+Dexa+IGF+TGF_63x_z-stack_1_2048x2048.czi",9,0.429804210436651,1,0.909855666754984,8.28470673727428,1.00626487250387,"yes_or_no"
"210301_EV38_1_Collagen_ITSwithAsc+Dexa+IGF+TGF_63x_z-stack_1_2048x2048.czi",10,0.859608420873302,2,1.96628477806197,17.9040405455832,2.14597354729142,"yes_or_no"
"210301_EV38_1_Collagen_ITSwithAsc+Dexa+IGF+TGF_63x_z-stack_1_2048x2048.czi",11,0.429804210436651,1,0.888593975117621,8.09110803102877,0.987082018843625,"yes_or_no"
"210301_EV38_1_Collagen_ITSwithAsc+Dexa+IGF+TGF_63x_z-stack_1_2048x2048.czi",12,0.429804210436651,1,1.10272110334247,10.0408463539922,1.18352249284325,"yes_or_no"
"210301_EV38_1_Collagen_ITSwithAsc+Dexa+IGF+TGF_63x_z-stack_1_2048x2048.czi",13,0.429804210436651,1,1.90448805327692,17.3413493838145,1.95238479926053,"yes_or_no"
"210301_EV38_1_Collagen_ITSwithAsc+Dexa+IGF+TGF_63x_z-stack_1_2048x2048.czi",14,0.429804210436651,1,2.09896937908068,19.1122025081424,2.14252283853111,"yes_or_no"
"210301_EV38_1_Collagen_ITSwithAsc+Dexa+IGF+TGF_63x_z-stack_1_2048x2048.czi",15,0.429804210436651,1,2.12125206402736,19.3150978868794,2.16435717441679,"yes_or_no"
"210301_EV38_1_Collagen_ITSwithAsc+Dexa+IGF+TGF_63x_z-stack_1_2048x2048.czi",16,0.859608420873302,2,1.9733777344246,17.9686255841907,2.15247446441509,"yes_or_no"
"210301_EV38_1_Collagen_ITSwithAsc+Dexa+IGF+TGF_63x_z-stack_1_2048x2048.czi",17,0.429804210436651,1,1.29490483723577,11.7907787148675,1.36437172237102,"yes_or_no"
"210301_EV38_1_Collagen_ITSwithAsc+Dexa+IGF+TGF_63x_z-stack_1_2048x2048.czi",18,0.429804210436651,1,2.20000909128688,20.032221380402,2.24160024559555,"yes_or_no"
"210301_EV38_1_Collagen_ITSwithAsc+Dexa+IGF+TGF_63x_z-stack_1_2048x2048.czi",19,0.429804210436651,1,1.46446899495598,13.3347481280329,1.52623756227412,"yes_or_no"
"210301_EV38_1_Collagen_ITSwithAsc+Dexa+IGF+TGF_63x_z-stack_2_1024x1024.czi",1,2.248,8,2.20677490888148,10.0469138256087,3.15013642537412,"yes_or_no"
"210301_EV38_1_Collagen_ITSwithAsc+Dexa+IGF+TGF_63x_z-stack_2_1024x1024.czi",2,1.967,7,1.50459963983015,6.85007920951821,2.47647109334573,"yes_or_no"
"210301_EV38_1_Collagen_ITSwithAsc+Dexa+IGF+TGF_63x_z-stack_2_1024x1024.czi",3,1.967,7,0.658941127749079,3,2.07443785393519,"yes_or_no"
"210301_EV38_1_Collagen_ITSwithAsc+Dexa+IGF+TGF_63x_z-stack_2_1024x1024.czi",4,1.967,7,1.32073511887279,6.01298839875595,2.36926787304094,"yes_or_no"
"210301_EV38_1_Collagen_ITSwithAsc+Dexa+IGF+TGF_63x_z-stack_2_1024x1024.czi",5,1.686,6,0.917272979337019,4.17612260356427,1.91937117791786,"yes_or_no"
"210301_EV38_1_Collagen_ITSwithAsc+Dexa+IGF+TGF_63x_z-stack_2_1024x1024.czi",6,2.248,8,1.11176318627995,5.06158959941245,2.50789182030791,"yes_or_no"
"210301_EV38_1_Collagen_ITSwithAsc+Dexa+IGF+TGF_63x_z-stack_2_1024x1024.czi",7,2.248,8,2.01664953883033,9.18131887921066,3.01999658318757,"yes_or_no"
"210301_EV38_1_Collagen_ITSwithAsc+Dexa+IGF+TGF_63x_z-stack_2_1024x1024.czi",8,1.686,6,0.887451991583965,4.04035483996335,1.90529972376168,"yes_or_no"
"210301_EV38_1_Collagen_ITSwithAsc+Dexa+IGF+TGF_63x_z-stack_2_1024x1024.czi",9,1.967,7,2.21533358807132,10.0858794273723,2.96256508897896,"yes_or_no"
"210301_EV38_1_Collagen_ITSwithAsc+Dexa+IGF+TGF_63x_z-stack_2_1024x1024.czi",10,2.248,8,2.92760013607463,13.3286572022385,3.69111725047366,"yes_or_no"
"210301_EV38_1_Collagen_ITSwithAsc+Dexa+IGF+TGF_63x_z-stack_2_1024x1024.czi",11,1.967,7,1.81710750779532,8.27285214690953,2.67786644455733,"yes_or_no"
"210301_EV38_1_Collagen_ITSwithAsc+Dexa+IGF+TGF_63x_z-stack_2_1024x1024.czi",12,2.248,8,2.48402644917044,11.3091732078818,3.35020766523186,"yes_or_no"
"210301_EV38_1_Collagen_ITSwithAsc+Dexa+IGF+TGF_63x_z-stack_2_1024x1024.czi",13,1.686,6,1.12577604237699,5.1253867529377,2.02730552645377,"yes_or_no"
"210301_EV38_1_Collagen_ITSwithAsc+Dexa+IGF+TGF_63x_z-stack_2_1024x1024.czi",14,1.967,7,2.33707558114968,10.6401413543561,3.05467040317054,"yes_or_no"
"210301_EV38_1_Collagen_ITSwithAsc+Dexa+IGF+TGF_63x_z-stack_2_1024x1024.czi",15,1.686,6,0.881633545738505,4.01386485959741,1.9025965702091,"yes_or_no"
"210301_EV38_1_Collagen_ITSwithAsc+Dexa+IGF+TGF_63x_z-stack_2_1024x1024.czi",16,1.686,6,1.19563301563043,5.44342870074604,2.06691419949294,"yes_or_no"
"210301_EV38_1_Collagen_ITSwithAsc+Dexa+IGF+TGF_63x_z-stack_2_1024x1024.czi",17,1.967,7,1.53857672824968,7.00476869688835,2.49725996818743,"yes_or_no"
"210301_EV38_1_Collagen_ITSwithAsc+Dexa+IGF+TGF_63x_z-stack_2_1024x1024.czi",18,1.967,7,1.54406976136763,7.02977715160436,2.50064800161276,"yes_or_no"
"210301_EV38_1_Collagen_ITSwithAsc+Dexa+IGF+TGF_63x_z-stack_2_1024x1024.czi",19,1.686,6,0.943421641861699,4.2951711562658,1.93200424283515,"yes_or_no"
"210301_EV38_1_Collagen_ITSwithAsc+Dexa+IGF+TGF_63x_z-stack_2_2048x2048.czi",1,1.967,7,2.09157922714666,19.0449113500451,2.87120056133865,"yes_or_no"
"210301_EV38_1_Collagen_ITSwithAsc+Dexa+IGF+TGF_63x_z-stack_2_2048x2048.czi",2,1.967,7,1.65767343131297,15.0939745130998,2.57234721701424,"yes_or_no"
"210301_EV38_1_Collagen_ITSwithAsc+Dexa+IGF+TGF_63x_z-stack_2_2048x2048.czi",3,1.967,7,0.988411691623618,9,2.20137381472077,"yes_or_no"
"210301_EV38_1_Collagen_ITSwithAsc+Dexa+IGF+TGF_63x_z-stack_2_2048x2048.czi",4,1.686,6,1.04076365644428,9.47669173420238,1.98135937895559,"yes_or_no"
"210301_EV38_1_Collagen_ITSwithAsc+Dexa+IGF+TGF_63x_z-stack_2_2048x2048.czi",5,2.248,8,1.32921672325355,12.1032061950127,2.61157444798668,"yes_or_no"
"210301_EV38_1_Collagen_ITSwithAsc+Dexa+IGF+TGF_63x_z-stack_2_2048x2048.czi",6,1.686,6,0.99331595133952,9.04465582288956,1.95685272291645,"yes_or_no"
"210301_EV38_1_Collagen_ITSwithAsc+Dexa+IGF+TGF_63x_z-stack_2_2048x2048.czi",7,1.967,7,2.00459111512144,18.2528395697721,2.80846480106549,"yes_or_no"
"210301_EV38_1_Collagen_ITSwithAsc+Dexa+IGF+TGF_63x_z-stack_2_2048x2048.czi",8,1.686,6,0.667525783508658,6.07816773363871,1.81333578568583,"yes_or_no"
"210301_EV38_1_Collagen_ITSwithAsc+Dexa+IGF+TGF_63x_z-stack_2_2048x2048.czi",9,1.967,7,1.45159412372878,13.2175157621808,2.4446297265729,"yes_or_no"
"210301_EV38_1_Collagen_ITSwithAsc+Dexa+IGF+TGF_63x_z-stack_2_2048x2048.czi",10,1.686,6,0.992601743639127,9.03815259214269,1.95649028146716,"yes_or_no"
"210301_EV38_1_Collagen_ITSwithAsc+Dexa+IGF+TGF_63x_z-stack_2_2048x2048.czi",11,1.967,7,2.11000816631128,19.2127163789488,2.88465309212396,"yes_or_no"
"210301_EV38_1_Collagen_ITSwithAsc+Dexa+IGF+TGF_63x_z-stack_2_2048x2048.czi",12,1.967,7,1.09864574492488,10.0037381064177,2.2530227413059,"yes_or_no"
"210301_EV38_1_Collagen_ITSwithAsc+Dexa+IGF+TGF_63x_z-stack_2_2048x2048.czi",13,1.967,7,2.48136189905101,22.594084307901,3.16642477789415,"yes_or_no"
"210301_EV38_1_Collagen_ITSwithAsc+Dexa+IGF+TGF_63x_z-stack_2_2048x2048.czi",14,1.967,7,1.12350893963448,10.2301303620766,2.26525083322765,"yes_or_no"
"210301_EV38_1_Collagen_ITSwithAsc+Dexa+IGF+TGF_63x_z-stack_2_2048x2048.czi",15,1.967,7,2.42480870407539,22.0791381988111,3.1223046378212,"yes_or_no"
"210301_EV38_1_Collagen_ITSwithAsc+Dexa+IGF+TGF_63x_z-stack_2_2048x2048.czi",16,1.967,7,0.810726786924163,7.38208698273467,2.12752600995531,"yes_or_no"
"210301_EV38_1_Collagen_ITSwithAsc+Dexa+IGF+TGF_63x_z-stack_2_2048x2048.czi",17,1.967,7,1.76086301465795,16.0335690747336,2.64002415829671,"yes_or_no"
"210301_EV38_1_Collagen_ITSwithAsc+Dexa+IGF+TGF_63x_z-stack_2_2048x2048.czi",18,1.686,6,0.768916873140467,7.00138607921222,1.85305940482223,"yes_or_no"
"210301_EV38_1_Collagen_ITSwithAsc+Dexa+IGF+TGF_63x_z-stack_2_2048x2048.czi",19,1.967,7,1.15813022072766,10.5453750445093,2.28262011910933,"yes_or_no"
"210301_EV38_1_Collagen_ITSwithAsc+Dexa+IGF+TGF_63x_z-stack_2_4096x4096.czi",1,1.967,7,2.14972063207131,39.1486378653829,2.91382700172009,"yes_or_no"
"210301_EV38_1_Collagen_ITSwithAsc+Dexa+IGF+TGF_63x_z-stack_2_4096x4096.czi",2,1.967,7,1.756791368342,31.9929892555313,2.63731016603678,"yes_or_no"
"210301_EV38_1_Collagen_ITSwithAsc+Dexa+IGF+TGF_63x_z-stack_2_4096x4096.czi",3,2.248,8,1.33048677470386,24.2295413415538,2.61222109662676,"yes_or_no"
"210301_EV38_1_Collagen_ITSwithAsc+Dexa+IGF+TGF_63x_z-stack_2_4096x4096.czi",4,1.967,7,1.99800700874329,36.3857757472522,2.80376907162257,"yes_or_no"
"210301_EV38_1_Collagen_ITSwithAsc+Dexa+IGF+TGF_63x_z-stack_2_4096x4096.czi",5,1.967,7,1.22642253416394,22.334423805417,2.3180166591949,"yes_or_no"
"210301_EV38_1_Collagen_ITSwithAsc+Dexa+IGF+TGF_63x_z-stack_2_4096x4096.czi",6,2.248,8,2.16261861254452,39.383523440377,3.11936263735463,"yes_or_no"
"210301_EV38_1_Collagen_ITSwithAsc+Dexa+IGF+TGF_63x_z-stack_2_4096x4096.czi",7,1.686,6,0.878822093552803,16.0042599839806,1.90129541947498,"yes_or_no"
"210301_EV38_1_Collagen_ITSwithAsc+Dexa+IGF+TGF_63x_z-stack_2_4096x4096.czi",8,1.967,7,2.57526002945371,46.8981507634962,3.24053286039533,"yes_or_no"
"210301_EV38_1_Collagen_ITSwithAsc+Dexa+IGF+TGF_63x_z-stack_2_4096x4096.czi",9,1.967,7,1.24105470271794,22.6008907404036,2.32579142984454,"yes_or_no"
"210301_EV38_1_Collagen_ITSwithAsc+Dexa+IGF+TGF_63x_z-stack_2_4096x4096.czi",10,1.967,7,2.58123075517169,47.006883859062,3.24527983561421,"yes_or_no"
"210301_EV38_1_Collagen_ITSwithAsc+Dexa+IGF+TGF_63x_z-stack_2_4096x4096.czi",11,1.967,7,1.76357354045994,32.1164996299609,2.6418328169304,"yes_or_no"
"210301_EV38_1_Collagen_ITSwithAsc+Dexa+IGF+TGF_63x_z-stack_2_4096x4096.czi",12,1.967,7,1.29777224864695,23.6337759595629,2.35654446369216,"yes_or_no"
"210301_EV38_1_Collagen_ITSwithAsc+Dexa+IGF+TGF_63x_z-stack_3_1024x1024.czi",1,1.967,7,1.5446789402328,7.03255059602685,2.5010241958843,"yes_or_no"
"210301_EV38_1_Collagen_ITSwithAsc+Dexa+IGF+TGF_63x_z-stack_3_1024x1024.czi",2,1.686,6,0.665039427543571,3.02776408788744,1.81242198182087,"yes_or_no"
"210301_EV38_1_Collagen_ITSwithAsc+Dexa+IGF+TGF_63x_z-stack_3_1024x1024.czi",3,1.967,7,2.17758845298654,9.91403493249135,2.93444721720809,"yes_or_no"
"210301_EV38_1_Collagen_ITSwithAsc+Dexa+IGF+TGF_63x_z-stack_3_1024x1024.czi",4,1.967,7,0.658941127749079,3,2.07443785393519,"yes_or_no"
"210301_EV38_1_Collagen_ITSwithAsc+Dexa+IGF+TGF_63x_z-stack_3_1024x1024.czi",5,1.686,6,1.32903046146242,6.05075509250277,2.14683906418134,"yes_or_no"
"210301_EV38_1_Collagen_ITSwithAsc+Dexa+IGF+TGF_63x_z-stack_3_1024x1024.czi",6,1.967,7,1.17322043620862,5.34138963316631,2.29031333924805,"yes_or_no"
"210301_EV38_1_Collagen_ITSwithAsc+Dexa+IGF+TGF_63x_z-stack_3_1024x1024.czi",7,1.686,6,0.658941127749079,3,1.81019319682713,"yes_or_no"
"210301_EV38_1_Collagen_ITSwithAsc+Dexa+IGF+TGF_63x_z-stack_3_1024x1024.czi",8,1.967,7,2.29339041448504,10.4412533285903,3.0213785915128,"yes_or_no"
"210301_EV38_1_Collagen_ITSwithAsc+Dexa+IGF+TGF_63x_z-stack_3_1024x1024.czi",9,1.405,5,0.703749432928987,3.20400140449408,1.57139691496066,"yes_or_no"
"210301_EV38_1_Collagen_ITSwithAsc+Dexa+IGF+TGF_63x_z-stack_3_1024x1024.czi",10,1.967,7,1.97875466361531,9.00879265363813,2.79008226021731,"yes_or_no"
"210301_EV38_1_Collagen_ITSwithAsc+Dexa+IGF+TGF_63x_z-stack_3_1024x1024.czi",11,1.686,6,0.98229143654488,4.4721359549996,1.95127969966107,"yes_or_no"
"210301_EV38_1_Collagen_ITSwithAsc+Dexa+IGF+TGF_63x_z-stack_3_1024x1024.czi",12,1.686,6,1.21154288635315,5.51586250425015,2.07615802998542,"yes_or_no"
"210301_EV38_1_Collagen_ITSwithAsc+Dexa+IGF+TGF_63x_z-stack_3_1024x1024.czi",13,2.248,8,1.12220220458152,5.10911593156246,2.51253692270733,"yes_or_no"
"210301_EV38_1_Collagen_ITSwithAsc+Dexa+IGF+TGF_63x_z-stack_3_1024x1024.czi",14,1.967,7,1.33863452261738,6.09448006617882,2.37929220255585,"yes_or_no"
"210301_EV38_1_Collagen_ITSwithAsc+Dexa+IGF+TGF_63x_z-stack_3_1024x1024.czi",15,1.967,7,2.07881146544028,9.46432713590711,2.86191301559743,"yes_or_no"
"210301_EV38_1_Collagen_ITSwithAsc+Dexa+IGF+TGF_63x_z-stack_3_1024x1024.czi",16,1.967,7,0.664522846416338,3.02541221862867,2.07621762188102,"yes_or_no"
"210301_EV38_1_Collagen_ITSwithAsc+Dexa+IGF+TGF_63x_z-stack_3_1024x1024.czi",17,2.248,8,0.878588170332105,4,2.41359092910284,"yes_or_no"
"210301_EV38_1_Collagen_ITSwithAsc+Dexa+IGF+TGF_63x_z-stack_3_1024x1024.czi",18,1.686,6,0.450839546895613,2.05256370217321,1.74523703176532,"yes_or_no"
"210301_EV38_1_Collagen_ITSwithAsc+Dexa+IGF+TGF_63x_z-stack_3_1024x1024.czi",19,1.967,7,0.974559844092505,4.43693587963572,2.19518926056903,"yes_or_no"
"210301_EV38_1_Collagen_ITSwithAsc+Dexa+IGF+TGF_63x_z-stack_3_1024x1024.czi",20,2.248,8,1.36471938225118,6.21323813970917,2.62982185561913,"yes_or_no"
"210301_EV38_1_Collagen_ITSwithAsc+Dexa+IGF+TGF_63x_z-stack_3_1024x1024.czi",21,1.686,6,1.52329462803801,6.9351929810856,2.27222853687948,"yes_or_no"
"210301_EV38_1_Collagen_ITSwithAsc+Dexa+IGF+TGF_63x_z-stack_3_1024x1024.czi",22,1.405,5,0.664522846416341,3.02541221862868,1.55422508453868,"yes_or_no"
"210301_EV38_1_Collagen_ITSwithAsc+Dexa+IGF+TGF_63x_z-stack_3_1024x1024.czi",23,1.967,7,1.32564461650689,6.03534015717875,2.37200814696613,"yes_or_no"
"210301_EV38_1_Collagen_ITSwithAsc+Dexa+IGF+TGF_63x_z-stack_3_1024x1024.czi",24,1.967,7,1.54416164944323,7.03019549584667,2.50070474059039,"yes_or_no"
"210301_EV38_1_Collagen_ITSwithAsc+Dexa+IGF+TGF_63x_z-stack_3_1024x1024.czi",25,1.686,6,1.16400247558873,5.29942248208844,2.04877957896321,"yes_or_no"
"210301_EV38_1_Collagen_ITSwithAsc+Dexa+IGF+TGF_63x_z-stack_3_1024x1024.czi",26,2.529,9,0.882708264201872,4.0187577935096,2.67862182468714,"yes_or_no"
"210301_EV38_1_Collagen_ITSwithAsc+Dexa+IGF+TGF_63x_z-stack_3_1024x1024.czi",27,1.967,7,0.664522846416341,3.02541221862868,2.07621762188102,"yes_or_no"
"210301_EV38_1_Collagen_ITSwithAsc+Dexa+IGF+TGF_63x_z-stack_3_1024x1024.czi",28,2.529,9,3.08356581818568,14.0387313296973,3.98800942264222,"yes_or_no"
"210301_EV38_1_Collagen_ITSwithAsc+Dexa+IGF+TGF_63x_z-stack_3_1024x1024.czi",29,1.967,7,2.33461920630955,10.6289580722539,3.05279148296594,"yes_or_no"
"210301_EV38_1_Collagen_ITSwithAsc+Dexa+IGF+TGF_63x_z-stack_3_4096x4096.czi",1,1.967,7,1.59546714770151,29.0551082125028,2.53270693515748,"yes_or_no"
"210301_EV38_1_Collagen_ITSwithAsc+Dexa+IGF+TGF_63x_z-stack_3_4096x4096.czi",2,1.967,7,2.33787726719198,42.5751649500724,3.05528380293108,"yes_or_no"
"210301_EV38_1_Collagen_ITSwithAsc+Dexa+IGF+TGF_63x_z-stack_3_4096x4096.czi",3,1.967,7,2.56217427797437,46.6598456841207,3.23014334522688,"yes_or_no"
"210301_EV38_1_Collagen_ITSwithAsc+Dexa+IGF+TGF_63x_z-stack_3_4096x4096.czi",4,1.967,7,2.73675314291991,49.8391075197003,3.37029772650459,"yes_or_no"
"210301_EV38_1_Collagen_ITSwithAsc+Dexa+IGF+TGF_63x_z-stack_3_4096x4096.czi",5,1.967,7,2.15329233686368,39.2136823066897,2.9164630784558,"yes_or_no"
"210301_EV38_1_Collagen_ITSwithAsc+Dexa+IGF+TGF_63x_z-stack_3_4096x4096.czi",6,1.967,7,0.887164344181729,16.1561810029176,2.157811292395,"yes_or_no"
"210301_EV38_1_Collagen_ITSwithAsc+Dexa+IGF+TGF_63x_z-stack_3_4096x4096.czi",7,1.967,7,1.62206946246774,29.5395639001987,2.54954865438383,"yes_or_no"
"210301_EV38_1_Collagen_ITSwithAsc+Dexa+IGF+TGF_63x_z-stack_3_4096x4096.czi",8,1.967,7,2.19871970080703,40.0409616255301,2.95016225362555,"yes_or_no"
"210301_EV38_1_Collagen_ITSwithAsc+Dexa+IGF+TGF_63x_z-stack_3_4096x4096.czi",9,1.967,7,1.18266521987619,21.5375578194575,2.29516579407781,"yes_or_no"
"210301_EV38_1_Collagen_ITSwithAsc+Dexa+IGF+TGF_63x_z-stack_3_4096x4096.czi",10,1.967,7,1.79741307807203,32.7327526368604,2.66454175670496,"yes_or_no"
"210301_EV38_1_Collagen_ITSwithAsc+Dexa+IGF+TGF_63x_z-stack_3_4096x4096.czi",11,2.248,8,1.55542132947464,28.3258324115461,2.73364948597743,"yes_or_no"
"210301_EV38_1_Collagen_ITSwithAsc+Dexa+IGF+TGF_63x_z-stack_3_4096x4096.czi",12,1.967,7,1.83277253289822,33.3766849094804,2.68852081214674,"yes_or_no"
"210301_EV38_1_Collagen_ITSwithAsc+Dexa+IGF+TGF_63x_z-stack_3_4096x4096.czi",13,1.686,6,1.41685675162663,25.8024280220583,2.20228950291054,"yes_or_no"
"210301_EV38_1_Collagen_ITSwithAsc+Dexa+IGF+TGF_63x_z-stack_3_4096x4096.czi",14,2.248,8,1.099923425809,20.0307441042505,2.50266568735087,"yes_or_no"
"210301_EV38_1_Collagen_ITSwithAsc+Dexa+IGF+TGF_63x_z-stack_3_4096x4096.czi",15,1.967,7,0.951604204546667,17.3296975612492,2.18509486341232,"yes_or_no"
"210301_EV38_1_Collagen_ITSwithAsc+Dexa+IGF+TGF_63x_z-stack_3_4096x4096.czi",16,2.529,9,2.87878302133287,52.4256186193756,3.83187065072849,"yes_or_no"
"210301_EV38_1_Collagen_ITSwithAsc+Dexa+IGF+TGF_63x_z-stack_3_4096x4096.czi",17,2.248,8,2.569805760839,46.7988228863609,3.4142943119247,"yes_or_no"
"210301_EV38_1_Collagen_ITSwithAsc+Dexa+IGF+TGF_63x_z-stack_4_1024x1024.czi",1,1.686,6,1.25953626093489,5.73436476140483,2.10452550296019,"yes_or_no"
"210301_EV38_1_Collagen_ITSwithAsc+Dexa+IGF+TGF_63x_z-stack_4_1024x1024.czi",2,1.967,7,1.31788225549816,6,2.36767874496455,"yes_or_no"
"210301_EV38_1_Collagen_ITSwithAsc+Dexa+IGF+TGF_63x_z-stack_4_1024x1024.czi",3,1.967,7,2.2006169909098,10.0188783105421,2.95157655172298,"yes_or_no"
"210301_EV38_1_Collagen_ITSwithAsc+Dexa+IGF+TGF_63x_z-stack_4_1024x1024.czi",4,1.686,6,1.85172190459176,8.43044314558352,2.5042903210181,"yes_or_no"
"210301_EV38_1_Collagen_ITSwithAsc+Dexa+IGF+TGF_63x_z-stack_4_1024x1024.czi",5,1.686,6,0.878588170332105,4,1.90118730614517,"yes_or_no"
"210301_EV38_1_Collagen_ITSwithAsc+Dexa+IGF+TGF_63x_z-stack_4_1024x1024.czi",6,1.686,6,1.34230035347187,6.11116970976051,2.15507917231147,"yes_or_no"
"210301_EV38_1_Collagen_ITSwithAsc+Dexa+IGF+TGF_63x_z-stack_4_1024x1024.czi",7,1.967,7,1.35653375285923,6.17597094368555,2.38940846709941,"yes_or_no"
"210301_EV38_1_Collagen_ITSwithAsc+Dexa+IGF+TGF_63x_z-stack_4_1024x1024.czi",8,1.967,7,1.65041029700245,7.51391995810096,2.56767271053998,"yes_or_no"
"210301_EV38_1_Collagen_ITSwithAsc+Dexa+IGF+TGF_63x_z-stack_4_1024x1024.czi",9,1.686,6,0.664522846416338,3.02541221862866,1.81223249430344,"yes_or_no"
"210301_EV38_1_Collagen_ITSwithAsc+Dexa+IGF+TGF_63x_z-stack_4_1024x1024.czi",10,1.967,7,1.9166160875799,8.72589070647478,2.74636236268452,"yes_or_no"
"210301_EV38_1_Collagen_ITSwithAsc+Dexa+IGF+TGF_63x_z-stack_4_1024x1024.czi",11,1.686,6,1.01628787344374,4.62691353132871,1.96861297407814,"yes_or_no"
"210301_EV38_1_Collagen_ITSwithAsc+Dexa+IGF+TGF_63x_z-stack_4_1024x1024.czi",12,1.405,5,0.664522846416341,3.02541221862868,1.55422508453868,"yes_or_no"
"210301_EV38_1_Collagen_ITSwithAsc+Dexa+IGF+TGF_63x_z-stack_4_1024x1024.czi",13,1.686,6,1.14659122417126,5.22015325445525,2.03893782037279,"yes_or_no"
"210301_EV38_1_Collagen_ITSwithAsc+Dexa+IGF+TGF_63x_z-stack_4_1024x1024.czi",14,1.686,6,1.90368851535498,8.66703458861911,2.54295614659287,"yes_or_no"
"210301_EV38_1_Collagen_ITSwithAsc+Dexa+IGF+TGF_63x_z-stack_4_1024x1024.czi",15,1.967,7,2.11269377755797,9.61858512963759,2.88661809003757,"yes_or_no"
"210301_EV38_1_Collagen_ITSwithAsc+Dexa+IGF+TGF_63x_z-stack_4_1024x1024.czi",16,1.967,7,2.45472064045579,11.1757509301675,3.14559094967538,"yes_or_no"
"210301_EV38_1_Collagen_ITSwithAsc+Dexa+IGF+TGF_63x_z-stack_4_1024x1024.czi",17,1.405,5,0.698539671639556,3.18028261808037,1.56907063985478,"yes_or_no"
"210301_EV38_1_Collagen_ITSwithAsc+Dexa+IGF+TGF_63x_z-stack_4_1024x1024.czi",18,1.686,6,0.912106205364554,4.15259952803498,1.91690733470988,"yes_or_no"
"210301_EV38_1_Collagen_ITSwithAsc+Dexa+IGF+TGF_63x_z-stack_4_1024x1024.czi",19,2.248,8,2.6214960488047,11.9350391335853,3.45336727468983,"yes_or_no"
"210301_EV38_1_Collagen_ITSwithAsc+Dexa+IGF+TGF_63x_z-stack_4_1024x1024.czi",20,1.405,5,0.658941127749079,3,1.55184677395651,"yes_or_no"
"210301_EV38_1_Collagen_ITSwithAsc+Dexa+IGF+TGF_63x_z-stack_4_1024x1024.czi",21,1.967,7,1.98544228308954,9.03923977186737,2.79482916463239,"yes_or_no"
"210301_EV38_1_Collagen_ITSwithAsc+Dexa+IGF+TGF_63x_z-stack_4_2048x2048.czi",1,2.248,8,1.39581675665644,12.7096339676763,2.64609304790344,"yes_or_no"
"210301_EV38_1_Collagen_ITSwithAsc+Dexa+IGF+TGF_63x_z-stack_4_2048x2048.czi",2,1.967,7,1.31984816747781,12.0179006460231,2.36877356140145,"yes_or_no"
"210301_EV38_1_Collagen_ITSwithAsc+Dexa+IGF+TGF_63x_z-stack_4_2048x2048.czi",3,1.967,7,2.30677213454023,21.0043541439286,3.03154856149317,"yes_or_no"
"210301_EV38_1_Collagen_ITSwithAsc+Dexa+IGF+TGF_63x_z-stack_4_2048x2048.czi",4,1.967,7,0.880218297176089,8.01484314857887,2.15496479105427,"yes_or_no"
"210301_EV38_1_Collagen_ITSwithAsc+Dexa+IGF+TGF_63x_z-stack_4_2048x2048.czi",5,1.686,6,1.84730751237472,16.8206909653832,2.50102799769936,"yes_or_no"
"210301_EV38_1_Collagen_ITSwithAsc+Dexa+IGF+TGF_63x_z-stack_4_2048x2048.czi",6,1.967,7,1.33347931151479,12.1420192672136,2.37639560558379,"yes_or_no"
"210301_EV38_1_Collagen_ITSwithAsc+Dexa+IGF+TGF_63x_z-stack_4_2048x2048.czi",7,1.967,7,1.61652917634342,14.7193347775887,2.54602741107977,"yes_or_no"
"210301_EV38_1_Collagen_ITSwithAsc+Dexa+IGF+TGF_63x_z-stack_4_2048x2048.czi",8,1.967,7,1.66166229173377,15.1302951516469,2.57491952724157,"yes_or_no"
"210301_EV38_1_Collagen_ITSwithAsc+Dexa+IGF+TGF_63x_z-stack_4_2048x2048.czi",9,1.967,7,2.00833477989267,18.2869275750301,2.81113813038893,"yes_or_no"
"210301_EV38_1_Collagen_ITSwithAsc+Dexa+IGF+TGF_63x_z-stack_4_2048x2048.czi",10,1.686,6,1.10898581468412,10.0978897930294,2.01803011304852,"yes_or_no"
"210301_EV38_1_Collagen_ITSwithAsc+Dexa+IGF+TGF_63x_z-stack_4_2048x2048.czi",11,2.248,8,2.14078341954507,19.4929409872283,3.10426442968364,"yes_or_no"
"210301_EV38_1_Collagen_ITSwithAsc+Dexa+IGF+TGF_63x_z-stack_4_2048x2048.czi",12,1.967,7,2.36585351807559,21.542320718307,3.0767437119446,"yes_or_no"
"210301_EV38_1_Collagen_ITSwithAsc+Dexa+IGF+TGF_63x_z-stack_4_2048x2048.czi",13,1.967,7,2.47631122032137,22.5480952641129,3.16246838085213,"yes_or_no"
"210301_EV38_1_Collagen_ITSwithAsc+Dexa+IGF+TGF_63x_z-stack_4_2048x2048.czi",14,2.248,8,2.60232330518839,23.6955005137819,3.43883564375017,"yes_or_no"
"210301_EV38_1_Collagen_ITSwithAsc+Dexa+IGF+TGF_63x_z-stack_4_2048x2048.czi",15,2.248,8,1.998063209572,18.193399611258,3.00761709488511,"yes_or_no"
