fileName;researcher;Cilium_number;horizontal_length_in_pixels;z_lower;z_upper;horizontal_scaling_in_um;vertical_scaling_in_um;horizontal_length_in_um;vertical_length_in_layers;vertical_length_in_um;total_length_in_um
210301_EV38_1_Collagen_ITSwithAsc+Dexa+IGF+TGF_100x_z-stack_5_1024x1024.czi;kai;1;13,071;1;6;0,1383776368273060;0,281000000000000;1,808734090969717;6;1,686000000000000;2,47267365655803
210301_EV38_1_Collagen_ITSwithAsc+Dexa+IGF+TGF_100x_z-stack_5_1024x1024.czi;kai;2;16,221;2;7;0,1383776368273060;0,281000000000000;2,244623646975731;6;1,686000000000000;2,80729964851681
210301_EV38_1_Collagen_ITSwithAsc+Dexa+IGF+TGF_100x_z-stack_5_1024x1024.czi;kai;3;14,258;2;7;0,1383776368273060;0,281000000000000;1,972988345883729;6;1,686000000000000;2,59524160975294
210301_EV38_1_Collagen_ITSwithAsc+Dexa+IGF+TGF_100x_z-stack_5_1024x1024.czi;kai;4;10,784;2;8;0,1383776368273060;0,281000000000000;1,492264435545668;7;1,967000000000000;2,46899618176992
210301_EV38_1_Collagen_ITSwithAsc+Dexa+IGF+TGF_100x_z-stack_5_1024x1024.czi;kai;5;11,629;3;7;0,1383776368273060;0,281000000000000;1,609193538664741;5;1,405000000000000;2,13624175712403
210301_EV38_1_Collagen_ITSwithAsc+Dexa+IGF+TGF_100x_z-stack_5_1024x1024.czi;kai;6;9,666;4;11;0,1383776368273060;0,281000000000000;1,337558237572740;8;2,248000000000000;2,61582989487059
210301_EV38_1_Collagen_ITSwithAsc+Dexa+IGF+TGF_100x_z-stack_5_1024x1024.czi;kai;7;7,634;2;8;0,1383776368273060;0,281000000000000;1,056374879539654;7;1,967000000000000;2,23271513770172
210301_EV38_1_Collagen_ITSwithAsc+Dexa+IGF+TGF_100x_z-stack_5_1024x1024.czi;kai;8;10,605;3;8;0,1383776368273060;0,281000000000000;1,467494838553580;6;1,686000000000000;2,23520404016756
210301_EV38_1_Collagen_ITSwithAsc+Dexa+IGF+TGF_100x_z-stack_5_1024x1024.czi;kai;9;11,292;3;8;0,1383776368273060;0,281000000000000;1,562560275053939;6;1,686000000000000;2,29873674290395
210301_EV38_1_Collagen_ITSwithAsc+Dexa+IGF+TGF_100x_z-stack_5_1024x1024.czi;kai;10;17,468;3;9;0,1383776368273060;0,281000000000000;2,417180560099381;7;1,967000000000000;3,11638426066529
210301_EV38_1_Collagen_ITSwithAsc+Dexa+IGF+TGF_63x_z-stack_1_1024x1024.czi;kai;1;7,921;2;4;0,2196470425830260;0,429804210436651;1,739824224300149;3;1,289412631309953;2,16554225662841
210301_EV38_1_Collagen_ITSwithAsc+Dexa+IGF+TGF_63x_z-stack_1_1024x1024.czi;kai;2;7,213;2;4;0,2196470425830260;0,429804210436651;1,584314118151366;3;1,289412631309953;2,04270314993525
210301_EV38_1_Collagen_ITSwithAsc+Dexa+IGF+TGF_63x_z-stack_1_1024x1024.czi;kai;3;6,653;3;5;0,2196470425830260;0,429804210436651;1,461311774304872;3;1,289412631309953;1,94885018292934
210301_EV38_1_Collagen_ITSwithAsc+Dexa+IGF+TGF_63x_z-stack_1_1024x1024.czi;kai;4;11,410;3;5;0,2196470425830260;0,429804210436651;2,506172755872327;3;1,289412631309953;2,81841920516774
210301_EV38_1_Collagen_ITSwithAsc+Dexa+IGF+TGF_63x_z-stack_1_1024x1024.czi;kai;5;8,278;3;5;0,2196470425830260;0,429804210436651;1,818238218502289;3;1,289412631309953;2,22903009244022
210301_EV38_1_Collagen_ITSwithAsc+Dexa+IGF+TGF_63x_z-stack_1_1024x1024.czi;kai;6;9,570;3;5;0,2196470425830260;0,429804210436651;2,102022197519559;3;1,289412631309953;2,46598504712551
210301_EV38_1_Collagen_ITSwithAsc+Dexa+IGF+TGF_63x_z-stack_1_1024x1024.czi;kai;7;7,751;2;5;0,2196470425830260;0,429804210436651;1,702484227061035;4;1,719216841746604;2,41953695824982
210301_EV38_1_Collagen_ITSwithAsc+Dexa+IGF+TGF_63x_z-stack_1_1024x1024.czi;kai;8;4,813;3;4;0,2196470425830260;0,429804210436651;1,057161215952104;2;0,859608420873302;1,36254044848203
210301_EV38_1_Collagen_ITSwithAsc+Dexa+IGF+TGF_63x_z-stack_1_1024x1024.czi;kai;9;6,794;3;6;0,2196470425830260;0,429804210436651;1,492282007309079;4;1,719216841746604;2,27653511685710
210301_EV38_1_Collagen_ITSwithAsc+Dexa+IGF+TGF_63x_z-stack_1_1024x1024.czi;kai;10;9,487;4;7;0,2196470425830260;0,429804210436651;2,083791492985168;4;1,719216841746604;2,70146137029248
210301_EV38_1_Collagen_ITSwithAsc+Dexa+IGF+TGF_63x_z-stack_1_1024x1024.czi;kai;11;4,685;3;5;0,2196470425830260;0,429804210436651;1,029046394501477;3;1,289412631309953;1,64970343268666
210301_EV38_1_Collagen_ITSwithAsc+Dexa+IGF+TGF_63x_z-stack_1_1024x1024.czi;kai;12;7,981;3;5;0,2196470425830260;0,429804210436651;1,753003046855131;3;1,289412631309953;2,17614443823590
210301_EV38_1_Collagen_ITSwithAsc+Dexa+IGF+TGF_63x_z-stack_1_1024x1024.czi;kai;13;9,387;3;5;0,2196470425830260;0,429804210436651;2,061826788726865;3;1,289412631309953;2,43181303567799
210301_EV38_1_Collagen_ITSwithAsc+Dexa+IGF+TGF_63x_z-stack_1_1024x1024.czi;kai;14;7,193;3;6;0,2196470425830260;0,429804210436651;1,579921177299706;4;1,719216841746604;2,33492129962131
210301_EV38_1_Collagen_ITSwithAsc+Dexa+IGF+TGF_63x_z-stack_1_1024x1024.czi;kai;15;9,605;3;6;0,2196470425830260;0,429804210436651;2,109709844009965;4;1,719216841746604;2,72150366063647
210301_EV38_1_Collagen_ITSwithAsc+Dexa+IGF+TGF_63x_z-stack_1_1024x1024.czi;kai;16;6,918;3;5;0,2196470425830260;0,429804210436651;1,519518240589374;3;1,289412631309953;1,99286743594888
210301_EV38_1_Collagen_ITSwithAsc+Dexa+IGF+TGF_63x_z-stack_1_2048x2048.czi;kai;1;14,862;1;1;0,1098235212915130;0,429804210436651;1,632197173434466;1;0,429804210436651;1,68783863928888
210301_EV38_1_Collagen_ITSwithAsc+Dexa+IGF+TGF_63x_z-stack_1_2048x2048.czi;kai;2;11,567;1;1;0,1098235212915130;0,429804210436651;1,270328670778931;1;0,429804210436651;1,34106919698875
210301_EV38_1_Collagen_ITSwithAsc+Dexa+IGF+TGF_63x_z-stack_1_2048x2048.czi;kai;3;24,807;1;2;0,1098235212915130;0,429804210436651;2,724392092678563;2;0,859608420873302;2,85678821614165
210301_EV38_1_Collagen_ITSwithAsc+Dexa+IGF+TGF_63x_z-stack_1_2048x2048.czi;kai;4;17,351;1;1;0,1098235212915130;0,429804210436651;1,905547917929042;1;0,429804210436651;1,95341867679020
210301_EV38_1_Collagen_ITSwithAsc+Dexa+IGF+TGF_63x_z-stack_1_2048x2048.czi;kai;5;14,428;1;2;0,1098235212915130;0,429804210436651;1,584533765193950;2;0,859608420873302;1,80268518889905
210301_EV38_1_Collagen_ITSwithAsc+Dexa+IGF+TGF_63x_z-stack_1_2048x2048.czi;kai;6;13,017;1;2;0,1098235212915130;0,429804210436651;1,429572776651625;2;0,859608420873302;1,66811419302748
210301_EV38_1_Collagen_ITSwithAsc+Dexa+IGF+TGF_63x_z-stack_1_2048x2048.czi;kai;7;20,070;1;1;0,1098235212915130;0,429804210436651;2,204158072320666;1;0,429804210436651;2,24567238641023
210301_EV38_1_Collagen_ITSwithAsc+Dexa+IGF+TGF_63x_z-stack_1_2048x2048.czi;kai;8;10,620;1;1;0,1098235212915130;0,429804210436651;1,166325796115868;1;0,429804210436651;1,24299940546824
210301_EV38_1_Collagen_ITSwithAsc+Dexa+IGF+TGF_63x_z-stack_1_2048x2048.czi;kai;9;13,375;1;2;0,1098235212915130;0,429804210436651;1,468889597273986;2;0,859608420873302;1,70192928355323
210301_EV38_1_Collagen_ITSwithAsc+Dexa+IGF+TGF_63x_z-stack_1_2048x2048.czi;kai;10;12,901;1;2;0,1098235212915130;0,429804210436651;1,416833248181809;2;0,859608420873302;1,65720942864495
210301_EV38_1_Collagen_ITSwithAsc+Dexa+IGF+TGF_63x_z-stack_1_2048x2048.czi;kai;11;10,132;1;1;0,1098235212915130;0,429804210436651;1,112731917725610;1;0,429804210436651;1,19285538940577
210301_EV38_1_Collagen_ITSwithAsc+Dexa+IGF+TGF_63x_z-stack_1_2048x2048.czi;kai;12;12,816;1;2;0,1098235212915130;0,429804210436651;1,407498248872031;2;0,859608420873302;1,64923556771437
210301_EV38_1_Collagen_ITSwithAsc+Dexa+IGF+TGF_63x_z-stack_1_2048x2048.czi;kai;13;15,665;1;1;0,1098235212915130;0,429804210436651;1,720385461031551;1;0,429804210436651;1,77326190785169
210301_EV38_1_Collagen_ITSwithAsc+Dexa+IGF+TGF_63x_z-stack_1_2048x2048.czi;kai;14;10,370;1;1;0,1098235212915130;0,429804210436651;1,138869915792990;1;0,429804210436651;1,21727414513223
210301_EV38_1_Collagen_ITSwithAsc+Dexa+IGF+TGF_63x_z-stack_1_2048x2048.czi;kai;15;13,494;1;2;0,1098235212915130;0,429804210436651;1,481958596307676;2;0,859608420873302;1,71322150301895
210301_EV38_1_Collagen_ITSwithAsc+Dexa+IGF+TGF_63x_z-stack_1_2048x2048.czi;kai;16;19,741;1;2;0,1098235212915130;0,429804210436651;2,168026133815758;2;0,859608420873302;2,33222296407192
210301_EV38_1_Collagen_ITSwithAsc+Dexa+IGF+TGF_63x_z-stack_1_2048x2048.czi;kai;17;12,440;1;1;0,1098235212915130;0,429804210436651;1,366204604866422;1;0,429804210436651;1,43221740028087
210301_EV38_1_Collagen_ITSwithAsc+Dexa+IGF+TGF_63x_z-stack_2_1024x1024.czi;kai;1;10,020;6;12;0,2196470425830260;0,281000000000000;2,200863366681920;7;1,967000000000000;2,95176024751376
210301_EV38_1_Collagen_ITSwithAsc+Dexa+IGF+TGF_63x_z-stack_2_1024x1024.czi;kai;2;7,907;6;12;0,2196470425830260;0,281000000000000;1,736749165703987;7;1,967000000000000;2,62400203212069
210301_EV38_1_Collagen_ITSwithAsc+Dexa+IGF+TGF_63x_z-stack_2_1024x1024.czi;kai;3;5,219;5;11;0,2196470425830260;0,281000000000000;1,146337915240813;7;1,967000000000000;2,27665974970320
210301_EV38_1_Collagen_ITSwithAsc+Dexa+IGF+TGF_63x_z-stack_2_1024x1024.czi;kai;4;8,062;7;12;0,2196470425830260;0,281000000000000;1,770794457304355;6;1,686000000000000;2,44505807906884
210301_EV38_1_Collagen_ITSwithAsc+Dexa+IGF+TGF_63x_z-stack_2_1024x1024.czi;kai;5;8,960;8;15;0,2196470425830260;0,281000000000000;1,968037501543913;8;2,248000000000000;2,98775427495020
210301_EV38_1_Collagen_ITSwithAsc+Dexa+IGF+TGF_63x_z-stack_2_1024x1024.czi;kai;6;11,336;5;12;0,2196470425830260;0,281000000000000;2,489918874721183;8;2,248000000000000;3,35457896056909
210301_EV38_1_Collagen_ITSwithAsc+Dexa+IGF+TGF_63x_z-stack_2_1024x1024.czi;kai;7;5,204;6;13;0,2196470425830260;0,281000000000000;1,143043209602067;8;2,248000000000000;2,52191430842077
210301_EV38_1_Collagen_ITSwithAsc+Dexa+IGF+TGF_63x_z-stack_2_1024x1024.czi;kai;8;11,102;7;14;0,2196470425830260;0,281000000000000;2,438521466756755;8;2,248000000000000;3,31660834947895
210301_EV38_1_Collagen_ITSwithAsc+Dexa+IGF+TGF_63x_z-stack_2_1024x1024.czi;kai;9;6,895;7;13;0,2196470425830260;0,281000000000000;1,514466358609964;7;1,967000000000000;2,48247806664255
210301_EV38_1_Collagen_ITSwithAsc+Dexa+IGF+TGF_63x_z-stack_2_1024x1024.czi;kai;10;4,568;7;13;0,2196470425830260;0,281000000000000;1,003347690519263;7;1,967000000000000;2,20812037445207
210301_EV38_1_Collagen_ITSwithAsc+Dexa+IGF+TGF_63x_z-stack_2_1024x1024.czi;kai;11;4,807;8;13;0,2196470425830260;0,281000000000000;1,055843333696606;6;1,686000000000000;1,98932178023355
210301_EV38_1_Collagen_ITSwithAsc+Dexa+IGF+TGF_63x_z-stack_2_2048x2048.czi;kai;1;19,847;6;14;0,1098235212915130;0,281000000000000;2,179667427072659;9;2,529000000000000;3,33868104086652
210301_EV38_1_Collagen_ITSwithAsc+Dexa+IGF+TGF_63x_z-stack_2_2048x2048.czi;kai;2;14,950;6;14;0,1098235212915130;0,281000000000000;1,641861643308119;9;2,529000000000000;3,01521983539616
210301_EV38_1_Collagen_ITSwithAsc+Dexa+IGF+TGF_63x_z-stack_2_2048x2048.czi;kai;3;12,105;4;13;0,1098235212915130;0,281000000000000;1,329413725233765;10;2,810000000000000;3,10860754242795
210301_EV38_1_Collagen_ITSwithAsc+Dexa+IGF+TGF_63x_z-stack_2_2048x2048.czi;kai;4;16,034;8;14;0,1098235212915130;0,281000000000000;1,760910340388119;7;1,967000000000000;2,64005572420087
210301_EV38_1_Collagen_ITSwithAsc+Dexa+IGF+TGF_63x_z-stack_2_2048x2048.czi;kai;5;17,843;8;16;0,1098235212915130;0,281000000000000;1,959581090404466;9;2,529000000000000;3,19934353420678
210301_EV38_1_Collagen_ITSwithAsc+Dexa+IGF+TGF_63x_z-stack_2_2048x2048.czi;kai;6;22,362;5;14;0,1098235212915130;0,281000000000000;2,455873583120813;10;2,810000000000000;3,73194521078092
210301_EV38_1_Collagen_ITSwithAsc+Dexa+IGF+TGF_63x_z-stack_2_2048x2048.czi;kai;7;10,693;6;14;0,1098235212915130;0,281000000000000;1,174342913170148;9;2,529000000000000;2,78835476181080
210301_EV38_1_Collagen_ITSwithAsc+Dexa+IGF+TGF_63x_z-stack_2_2048x2048.czi;kai;8;19,230;6;15;0,1098235212915130;0,281000000000000;2,111906314435795;10;2,810000000000000;3,51514555615465
210301_EV38_1_Collagen_ITSwithAsc+Dexa+IGF+TGF_63x_z-stack_2_2048x2048.czi;kai;9;11,377;7;14;0,1098235212915130;0,281000000000000;1,249462201733543;8;2,248000000000000;2,57189809159711
210301_EV38_1_Collagen_ITSwithAsc+Dexa+IGF+TGF_63x_z-stack_2_2048x2048.czi;kai;10;10,561;7;14;0,1098235212915130;0,281000000000000;1,159846208359669;8;2,248000000000000;2,52957451502151
210301_EV38_1_Collagen_ITSwithAsc+Dexa+IGF+TGF_63x_z-stack_2_4096x4096.czi;kai;1;35,876;4;11;0,0549117606457566;0,281000000000000;1,970014324927164;8;2,248000000000000;2,98905678106292
210301_EV38_1_Collagen_ITSwithAsc+Dexa+IGF+TGF_63x_z-stack_2_4096x4096.czi;kai;2;26,345;4;12;0,0549117606457566;0,281000000000000;1,446650334212457;9;2,529000000000000;2,91352676141425
210301_EV38_1_Collagen_ITSwithAsc+Dexa+IGF+TGF_63x_z-stack_2_4096x4096.czi;kai;3;21,468;3;11;0,0549117606457566;0,281000000000000;1,178845677543103;9;2,529000000000000;2,79025413384911
210301_EV38_1_Collagen_ITSwithAsc+Dexa+IGF+TGF_63x_z-stack_2_4096x4096.czi;kai;4;33,212;5;11;0,0549117606457566;0,281000000000000;1,823729394566868;7;1,967000000000000;2,68236423787062
210301_EV38_1_Collagen_ITSwithAsc+Dexa+IGF+TGF_63x_z-stack_2_4096x4096.czi;kai;5;33,617;6;14;0,0549117606457566;0,281000000000000;1,845968657628399;9;2,529000000000000;3,13104475933296
210301_EV38_1_Collagen_ITSwithAsc+Dexa+IGF+TGF_63x_z-stack_2_4096x4096.czi;kai;6;44,560;3;11;0,0549117606457566;0,281000000000000;2,446868054374914;9;2,529000000000000;3,51894931414485
210301_EV38_1_Collagen_ITSwithAsc+Dexa+IGF+TGF_63x_z-stack_2_4096x4096.czi;kai;7;19,156;5;12;0,0549117606457566;0,281000000000000;1,051889686930113;8;2,248000000000000;2,48192987682366
210301_EV38_1_Collagen_ITSwithAsc+Dexa+IGF+TGF_63x_z-stack_2_4096x4096.czi;kai;8;42,867;5;13;0,0549117606457566;0,281000000000000;2,353902443601648;9;2,529000000000000;3,45495263556446
210301_EV38_1_Collagen_ITSwithAsc+Dexa+IGF+TGF_63x_z-stack_2_4096x4096.czi;kai;9;23,676;6;12;0,0549117606457566;0,281000000000000;1,300090845048933;7;1,967000000000000;2,35782213183693
210301_EV38_1_Collagen_ITSwithAsc+Dexa+IGF+TGF_63x_z-stack_2_4096x4096.czi;kai;10;19,291;5;12;0,0549117606457566;0,281000000000000;1,059302774617290;8;2,248000000000000;2,48508075689944
210301_EV38_1_Collagen_ITSwithAsc+Dexa+IGF+TGF_63x_z-stack_3_1024x1024.czi;kai;1;6,265;4;10;0,2196470425830260;0,281000000000000;1,376088721782658;7;1,967000000000000;2,40056434411107
210301_EV38_1_Collagen_ITSwithAsc+Dexa+IGF+TGF_63x_z-stack_3_1024x1024.czi;kai;2;10,361;6;13;0,2196470425830260;0,281000000000000;2,275763008202733;8;2,248000000000000;3,19884373946336
210301_EV38_1_Collagen_ITSwithAsc+Dexa+IGF+TGF_63x_z-stack_3_1024x1024.czi;kai;3;9,349;5;11;0,2196470425830260;0,281000000000000;2,053480201108710;7;1,967000000000000;2,84356641145331
210301_EV38_1_Collagen_ITSwithAsc+Dexa+IGF+TGF_63x_z-stack_3_1024x1024.czi;kai;4;11,199;5;13;0,2196470425830260;0,281000000000000;2,459827229887308;9;2,529000000000000;3,52797264741311
210301_EV38_1_Collagen_ITSwithAsc+Dexa+IGF+TGF_63x_z-stack_3_1024x1024.czi;kai;5;9,477;6;12;0,2196470425830260;0,281000000000000;2,081595022559338;7;1,967000000000000;2,86393555059184
210301_EV38_1_Collagen_ITSwithAsc+Dexa+IGF+TGF_63x_z-stack_3_1024x1024.czi;kai;6;3,203;5;11;0,2196470425830260;0,281000000000000;0,703529477393432;7;1,967000000000000;2,08902913468469
210301_EV38_1_Collagen_ITSwithAsc+Dexa+IGF+TGF_63x_z-stack_3_1024x1024.czi;kai;7;6,315;7;14;0,2196470425830260;0,281000000000000;1,387071073911809;8;2,248000000000000;2,64149014082636
210301_EV38_1_Collagen_ITSwithAsc+Dexa+IGF+TGF_63x_z-stack_3_1024x1024.czi;kai;8;9,486;5;13;0,2196470425830260;0,281000000000000;2,083571845942585;9;2,529000000000000;3,27675336838228
210301_EV38_1_Collagen_ITSwithAsc+Dexa+IGF+TGF_63x_z-stack_3_1024x1024.czi;kai;9;5,194;8;14;0,2196470425830260;0,281000000000000;1,140846739176237;7;1,967000000000000;2,27389979600884
210301_EV38_1_Collagen_ITSwithAsc+Dexa+IGF+TGF_63x_z-stack_3_1024x1024.czi;kai;10;6,750;6;15;0,2196470425830260;0,281000000000000;1,482617537435426;10;2,810000000000000;3,17714569422164
210301_EV38_1_Collagen_ITSwithAsc+Dexa+IGF+TGF_63x_z-stack_3_1024x1024.czi;kai;11;7,085;5;12;0,2196470425830260;0,281000000000000;1,556199296700739;8;2,248000000000000;2,73409221699852
210301_EV38_1_Collagen_ITSwithAsc+Dexa+IGF+TGF_63x_z-stack_3_1024x1024.czi;kai;12;7,126;5;13;0,2196470425830260;0,281000000000000;1,565204825446643;9;2,529000000000000;2,97417335500160
210301_EV38_1_Collagen_ITSwithAsc+Dexa+IGF+TGF_63x_z-stack_3_1024x1024.czi;kai;13;5,524;7;14;0,2196470425830260;0,281000000000000;1,213330263228636;8;2,248000000000000;2,55453994442570
210301_EV38_1_Collagen_ITSwithAsc+Dexa+IGF+TGF_63x_z-stack_3_1024x1024.czi;kai;14;5,365;9;18;0,2196470425830260;0,281000000000000;1,178406383457935;10;2,810000000000000;3,04708739693735
210301_EV38_1_Collagen_ITSwithAsc+Dexa+IGF+TGF_63x_z-stack_3_1024x1024.czi;kai;15;5,125;5;12;0,2196470425830260;0,281000000000000;1,125691093238008;8;2,248000000000000;2,51409714159883
210301_EV38_1_Collagen_ITSwithAsc+Dexa+IGF+TGF_63x_z-stack_3_1024x1024.czi;kai;16;11,699;5;15;0,2196470425830260;0,281000000000000;2,569650751178821;11;3,091000000000000;4,01962510478700
210301_EV38_1_Collagen_ITSwithAsc+Dexa+IGF+TGF_63x_z-stack_3_1024x1024.czi;kai;17;14,763;5;15;0,2196470425830260;0,281000000000000;3,242649289653213;11;3,091000000000000;4,47984993227323
210301_EV38_1_Collagen_ITSwithAsc+Dexa+IGF+TGF_63x_z-stack_3_4096x4096.czi;kai;1;24,000;3;9;0,0549117606457566;0,281000000000000;1,317882255498158;7;1,967000000000000;2,36767874496455
210301_EV38_1_Collagen_ITSwithAsc+Dexa+IGF+TGF_63x_z-stack_3_4096x4096.czi;kai;2;39,605;4;11;0,0549117606457566;0,281000000000000;2,174780280375190;8;2,248000000000000;3,12780646266817
210301_EV38_1_Collagen_ITSwithAsc+Dexa+IGF+TGF_63x_z-stack_3_4096x4096.czi;kai;3;37,951;5;13;0,0549117606457566;0,281000000000000;2,083956228267108;9;2,529000000000000;3,27699779696802
210301_EV38_1_Collagen_ITSwithAsc+Dexa+IGF+TGF_63x_z-stack_3_4096x4096.czi;kai;4;46,159;6;13;0,0549117606457566;0,281000000000000;2,534671959647479;8;2,248000000000000;3,38792944776351
210301_EV38_1_Collagen_ITSwithAsc+Dexa+IGF+TGF_63x_z-stack_3_4096x4096.czi;kai;5;12,180;5;11;0,0549117606457566;0,281000000000000;0,668825244665315;7;1,967000000000000;2,07759866381879
210301_EV38_1_Collagen_ITSwithAsc+Dexa+IGF+TGF_63x_z-stack_3_4096x4096.czi;kai;6;33,979;6;12;0,0549117606457566;0,281000000000000;1,865846714982163;7;1,967000000000000;2,71117556860668
210301_EV38_1_Collagen_ITSwithAsc+Dexa+IGF+TGF_63x_z-stack_3_4096x4096.czi;kai;7;23,691;8;14;0,0549117606457566;0,281000000000000;1,300914521458620;7;1,967000000000000;2,35827640282939
210301_EV38_1_Collagen_ITSwithAsc+Dexa+IGF+TGF_63x_z-stack_3_4096x4096.czi;kai;8;33,616;5;12;0,0549117606457566;0,281000000000000;1,845913745867754;8;2,248000000000000;2,90876289119335
210301_EV38_1_Collagen_ITSwithAsc+Dexa+IGF+TGF_63x_z-stack_3_4096x4096.czi;kai;9;23,782;7;14;0,0549117606457566;0,281000000000000;1,305911491677384;8;2,248000000000000;2,59979015001116
210301_EV38_1_Collagen_ITSwithAsc+Dexa+IGF+TGF_63x_z-stack_3_4096x4096.czi;kai;10;25,303;5;12;0,0549117606457566;0,281000000000000;1,389432279619579;8;2,248000000000000;2,64273079590958
210301_EV38_1_Collagen_ITSwithAsc+Dexa+IGF+TGF_63x_z-stack_3_4096x4096.czi;kai;11;19,673;8;14;0,0549117606457566;0,281000000000000;1,080279067183969;7;1,967000000000000;2,24412385197339
210301_EV38_1_Collagen_ITSwithAsc+Dexa+IGF+TGF_63x_z-stack_3_4096x4096.czi;kai;12;28,198;5;12;0,0549117606457566;0,281000000000000;1,548401826689044;8;2,248000000000000;2,72966155720704
210301_EV38_1_Collagen_ITSwithAsc+Dexa+IGF+TGF_63x_z-stack_3_4096x4096.czi;kai;13;25,025;7;13;0,0549117606457566;0,281000000000000;1,374166810160059;7;1,967000000000000;2,39946315290431
210301_EV38_1_Collagen_ITSwithAsc+Dexa+IGF+TGF_63x_z-stack_3_4096x4096.czi;kai;14;16,455;8;17;0,0549117606457566;0,281000000000000;0,903573021425925;10;2,810000000000000;2,95170191669972
210301_EV38_1_Collagen_ITSwithAsc+Dexa+IGF+TGF_63x_z-stack_3_4096x4096.czi;kai;15;18,386;6;12;0,0549117606457566;0,281000000000000;1,009607631232881;7;1,967000000000000;2,21097186075347
210301_EV38_1_Collagen_ITSwithAsc+Dexa+IGF+TGF_63x_z-stack_3_4096x4096.czi;kai;16;45,686;6;15;0,0549117606457566;0,281000000000000;2,508698696862036;10;2,810000000000000;3,76691772562626
210301_EV38_1_Collagen_ITSwithAsc+Dexa+IGF+TGF_63x_z-stack_3_4096x4096.czi;kai;17;53,858;5;15;0,0549117606457566;0,281000000000000;2,957437604859159;11;3,091000000000000;4,27793386889455
210301_EV38_1_Collagen_ITSwithAsc+Dexa+IGF+TGF_63x_z-stack_4_1024x1024.czi;kai;1;6,039;2;10;0,2196470425830260;0,281000000000000;1,326448490158894;9;2,529000000000000;2,85574974342025
210301_EV38_1_Collagen_ITSwithAsc+Dexa+IGF+TGF_63x_z-stack_4_1024x1024.czi;kai;2;6,500;2;9;0,2196470425830260;0,281000000000000;1,427705776789669;8;2,248000000000000;2,66305234366105
210301_EV38_1_Collagen_ITSwithAsc+Dexa+IGF+TGF_63x_z-stack_4_1024x1024.czi;kai;3;5,491;2;10;0,2196470425830260;0,281000000000000;1,206081910823396;9;2,529000000000000;2,80186983559469
210301_EV38_1_Collagen_ITSwithAsc+Dexa+IGF+TGF_63x_z-stack_4_1024x1024.czi;kai;4;9,000;3;9;0,2196470425830260;0,281000000000000;1,976823383247234;7;1,967000000000000;2,78871290895155
210301_EV38_1_Collagen_ITSwithAsc+Dexa+IGF+TGF_63x_z-stack_4_1024x1024.czi;kai;5;7,601;3;10;0,2196470425830260;0,281000000000000;1,669537170673581;8;2,248000000000000;2,80015327513705
210301_EV38_1_Collagen_ITSwithAsc+Dexa+IGF+TGF_63x_z-stack_4_1024x1024.czi;kai;6;3,041;6;12;0,2196470425830260;0,281000000000000;0,667946656494982;7;1,967000000000000;2,07731599327662
210301_EV38_1_Collagen_ITSwithAsc+Dexa+IGF+TGF_63x_z-stack_4_1024x1024.czi;kai;7;7,311;3;11;0,2196470425830260;0,281000000000000;1,605839528324503;9;2,529000000000000;2,99575726498818
210301_EV38_1_Collagen_ITSwithAsc+Dexa+IGF+TGF_63x_z-stack_4_1024x1024.czi;kai;8;5,199;4;10;0,2196470425830260;0,281000000000000;1,141944974389152;7;1,967000000000000;2,27445099409344
210301_EV38_1_Collagen_ITSwithAsc+Dexa+IGF+TGF_63x_z-stack_4_1024x1024.czi;kai;9;6,939;3;11;0,2196470425830260;0,281000000000000;1,524130828483617;9;2,529000000000000;2,95276409188648
210301_EV38_1_Collagen_ITSwithAsc+Dexa+IGF+TGF_63x_z-stack_4_1024x1024.czi;kai;10;9,088;3;11;0,2196470425830260;0,281000000000000;1,996152322994540;9;2,529000000000000;3,22187291751188
210301_EV38_1_Collagen_ITSwithAsc+Dexa+IGF+TGF_63x_z-stack_4_1024x1024.czi;kai;11;4,803;4;11;0,2196470425830260;0,281000000000000;1,054964745526274;8;2,248000000000000;2,48323470785653
210301_EV38_1_Collagen_ITSwithAsc+Dexa+IGF+TGF_63x_z-stack_4_1024x1024.czi;kai;12;8,252;4;11;0,2196470425830260;0,281000000000000;1,812527395395131;8;2,248000000000000;2,88769104286762
210301_EV38_1_Collagen_ITSwithAsc+Dexa+IGF+TGF_63x_z-stack_4_1024x1024.czi;kai;13;9,588;3;10;0,2196470425830260;0,281000000000000;2,105975844286053;8;2,248000000000000;3,08036333193283
210301_EV38_1_Collagen_ITSwithAsc+Dexa+IGF+TGF_63x_z-stack_4_1024x1024.czi;kai;14;10,272;4;12;0,2196470425830260;0,281000000000000;2,256214421412843;9;2,529000000000000;3,38915100215250
210301_EV38_1_Collagen_ITSwithAsc+Dexa+IGF+TGF_63x_z-stack_4_1024x1024.czi;kai;15;10,808;2;10;0,2196470425830260;0,281000000000000;2,373945236237345;9;2,529000000000000;3,46863906808621
210301_EV38_1_Collagen_ITSwithAsc+Dexa+IGF+TGF_63x_z-stack_4_1024x1024.czi;kai;16;8,936;4;11;0,2196470425830260;0,281000000000000;1,962765972521920;8;2,248000000000000;2,98428454790925
210301_EV38_1_Collagen_ITSwithAsc+Dexa+IGF+TGF_63x_z-stack_4_2048x2048.czi;kai;1;10,600;2;9;0,1098235212915130;0,281000000000000;1,164129325690038;8;2,248000000000000;2,53154124732969
210301_EV38_1_Collagen_ITSwithAsc+Dexa+IGF+TGF_63x_z-stack_4_2048x2048.czi;kai;2;11,364;3;10;0,1098235212915130;0,281000000000000;1,248034495956754;8;2,248000000000000;2,57120479602424
210301_EV38_1_Collagen_ITSwithAsc+Dexa+IGF+TGF_63x_z-stack_4_2048x2048.czi;kai;3;13,276;2;8;0,1098235212915130;0,281000000000000;1,458017068666127;7;1,967000000000000;2,44844905450813
210301_EV38_1_Collagen_ITSwithAsc+Dexa+IGF+TGF_63x_z-stack_4_2048x2048.czi;kai;4;19,772;3;9;0,1098235212915130;0,281000000000000;2,171430662975795;7;1,967000000000000;2,92988056482026
210301_EV38_1_Collagen_ITSwithAsc+Dexa+IGF+TGF_63x_z-stack_4_2048x2048.czi;kai;5;15,700;3;10;0,1098235212915130;0,281000000000000;1,724229284276754;8;2,248000000000000;2,83310264988008
210301_EV38_1_Collagen_ITSwithAsc+Dexa+IGF+TGF_63x_z-stack_4_2048x2048.czi;kai;6;5,336;6;12;0,1098235212915130;0,281000000000000;0,586018309611513;7;1,967000000000000;2,05243914872036
210301_EV38_1_Collagen_ITSwithAsc+Dexa+IGF+TGF_63x_z-stack_4_2048x2048.czi;kai;7;15,042;4;12;0,1098235212915130;0,281000000000000;1,651965407266939;9;2,529000000000000;3,02073347165993
210301_EV38_1_Collagen_ITSwithAsc+Dexa+IGF+TGF_63x_z-stack_4_2048x2048.czi;kai;8;11,241;4;10;0,1098235212915130;0,281000000000000;1,234526202837898;7;1,967000000000000;2,32231435113624
210301_EV38_1_Collagen_ITSwithAsc+Dexa+IGF+TGF_63x_z-stack_4_2048x2048.czi;kai;9;14,535;3;10;0,1098235212915130;0,281000000000000;1,596284881972142;8;2,248000000000000;2,75710526175785
210301_EV38_1_Collagen_ITSwithAsc+Dexa+IGF+TGF_63x_z-stack_4_2048x2048.czi;kai;10;16,986;3;11;0,1098235212915130;0,281000000000000;1,865462332657640;9;2,529000000000000;3,14257708172202
210301_EV38_1_Collagen_ITSwithAsc+Dexa+IGF+TGF_63x_z-stack_4_2048x2048.czi;kai;11;9,431;5;11;0,1098235212915130;0,281000000000000;1,035745629300259;7;1,967000000000000;2,22302901659303
210301_EV38_1_Collagen_ITSwithAsc+Dexa+IGF+TGF_63x_z-stack_4_2048x2048.czi;kai;12;19,801;3;10;0,1098235212915130;0,281000000000000;2,174615545093249;8;2,248000000000000;3,12769192360137
210301_EV38_1_Collagen_ITSwithAsc+Dexa+IGF+TGF_63x_z-stack_4_2048x2048.czi;kai;13;19,648;4;11;0,1098235212915130;0,281000000000000;2,157812546335647;8;2,248000000000000;3,11603257125524
210301_EV38_1_Collagen_ITSwithAsc+Dexa+IGF+TGF_63x_z-stack_4_2048x2048.czi;kai;14;25,466;3;10;0,1098235212915130;0,281000000000000;2,796765793209670;8;2,248000000000000;3,58823116619703
210301_EV38_1_Collagen_ITSwithAsc+Dexa+IGF+TGF_63x_z-stack_4_2048x2048.czi;kai;15;18,992;4;11;0,1098235212915130;0,281000000000000;2,085768316368415;8;2,248000000000000;3,06658335441356
210301_EV38_1_Collagen_ITSwithAsc+Dexa+IGF+TGF_63x_z-stack_4_2048x2048.czi;kai;16;16,108;5;10;0,1098235212915130;0,281000000000000;1,769037280963691;6;1,686000000000000;2,44378577241120
